li-xing-6-47,回答了问题,1592745413,2020-06-21 21:16:53,1295389160,你是通过什么事情才知道自己好看？,吐啊，吐啊，就习惯了,"生活,审美,外貌,颜控,颜值"
li-xing-6-47,关注了问题,1592706704,2020-06-21 10:31:44,401301109,为什么会有律师会接那些为很坏的人辩护的案子？,,"律师,刑事辩护,法官,刑事诉讼,律师行业"
li-xing-6-47,赞同了回答,1592550351,2020-06-19 15:05:51,1286018971,婆婆放三岁儿子单独在家，自己出去打牌，回来孩子头夹在窗子上夭折了。我这辈子无法原谅她，该怎么相处？,你不用原谅你婆婆。但你要原谅你自己……你嘴上说一辈子无法原谅婆婆，但实际上，你内心深处一直在责备自己，不是吗。你觉得是自己没有保护好孩子，你一定无数次想过为什么没早些看出婆婆不靠谱，为什么要把孩子交给她，为什么要相信她，为什么自己不能亲自带着孩子……你可能还会想，为什么那天去办事不能早些回来，如果早些回来是不是能救下孩子。你甚至会反复想象孩子临死前该有多绝望，多痛苦……但我想告诉你：这一切都不是你的错。你可以不原谅婆婆，不原谅其他人，但请你一定要原谅自己。因为我相信，你的孩子，也早就原谅你了。你很好，你没有辜负他，他还会来当你的孩子。就到这里吧，好吗？放下过去的一切，原谅自己吧。,"家庭关系,儿子,儿媳妇"
li-xing-6-47,赞同了回答,1592545121,2020-06-19 13:38:41,1288584680,我正在减肥，可不可以说点什么激励我一下？,1.裤子磨大腿吗？2.内衣有勒痕吗？3.拍照要往后站吗？4.有人愿意和你一起打伞吗？5.吃饭好意思来第二碗吗？6.敢穿短裙吊带吗？7.敢坐不结实的塑料凳子吗？8.有脸拧不开瓶盖吗？9.好看的人喜欢你你自己敢相信吗？10.体测敢称体重吗？11.肚子几层？12.胳膊和藕一样13.脸上的肉都快滋出来了14.地铁都没人坐你旁边15.打车朋友都让你坐前面16.胖子就该多劳动。你搬水你搬书你搬桌子。17.啥？你不吃？你这么胖还有不吃的东西？哈哈哈哈哈18.这么胖还吃？19.哟，不吃还这么胖？20.吃这么多怪不得这么胖呢哈哈哈哈哈21.减肥还这么胖？22.这么胖还不减肥？23.别看了这衣服你穿不了24.没认出来，后面看以为是哪个大妈呢25.胖子不开心，只能叫丑人多作怪26.衣服再显瘦/遮胖，你也是个大胖子，遮不住。自欺欺人27.噢～你说那个胖子啊～28.带你玩因为你可以衬托别人瘦29.护肤品都比别人用的多30.自带搞笑buff31.男女有纯洁友谊的，只要你够丑32.你的情敌很瘦噢～33.又矮又胖，一个小木墩子34.又高又胖，一个虎背熊腰的大兄弟35.椅子是你靠坏的吧？36.电梯超重，你下去37.输液都得比别人多用药38.做手术都得切开层层脂肪增大手术难度39.瘦人生病使人怜惜，胖人生病让人更想远离。40.要想漂亮，既要花钱，又要受罪41. 别人会觉得被胖子喜欢是丢人的事42.敢说自己喜欢别人吗43.自卑吗44.敢和漂亮姐姐走一起吗45. 有脸和别人讨论漂亮裙子吗46.都那么胖了，性格再不好更没人理你了47.你人那么大，在前面给我挡挡风48.这孩子，长的健康49.胖点好，有福50.一看就好养活51.你以为别人是真觉得你胖胖的可爱？ 哈哈哈哈哈哈哈哈52.淘宝推荐都是大码女装53.猪的体脂1554.身上挂着那么多肥肉你不累吗？55.你穿过膝袜，好像捆绳炖的猪蹄膀56.会在心里想，他会不会嫌我胖？57.羡慕别人的大长腿吗58.胖子的胸和瘦子的腹肌一样一无是处59.柜子里都是黑衣服吧？60.心宽体胖，别人觉得说你啥都行61.脚胖连鞋都得买大一号62.漂亮的人随身带着聚光灯，你身边围绕的却都是嘲笑声63.过年串亲戚话题：咋这么胖了64.别人不明说的鄙视65.敢参加同学聚会吗66. 看你外在都浪费时间，还探究你在内在？哈哈哈哈哈哈哈67.冬天穿这么少？ 也对，胖子抗冻哈哈哈哈68.哟，不好意思，没号，要不您看看别的？69. 就那边那个胖子70.你快照照镜子吧71.你是大饼转世吧？72.这世上可能真有人不爱钱，但没有人不爱美。73.你看你脸上的肉噢，把眼都挤没了，脖子也没了，但你下巴多呀！74.又没人逼你吃的，你胖你那不活该吗上面的话很极端，希望题主健康减肥，越来越漂亮～不一定瘦才漂亮～加油！,"减肥,减肥方案,减肥经验"
li-xing-6-47,赞同了回答,1592544674,2020-06-19 13:31:14,1286763404,如何评价广州这座城市？,在广州也是生活了快两年的靓仔了，工作在黄埔这边，离市中心小蛮腰蛮远，也没有认真仔细的品味过这座城市。今晚正好看到一篇讲广州被评为最具幸福感的城市（一线中唯一上榜），看到其中一篇回答，里面的内容感同身受，才发觉，啊，广州这么好啊，是啊，他一直这么好，而我只是生活其中，却不自知。搜索了这个话题，我想从一个新广打工仔的视角，聊下我眼中的广州，内容涉及住房、工作、饮食、交通，排序较乱，文笔粗拙，看官勿怪。住房来广州就住在公司集体宿舍里，可以说是碾压全国90%的集体宿舍（毕竟外企），这个就不细讲了，毕竟是公司福利。不久，女票来广州，就去找房子了，好在公司附近城中村不少，就在六号线末尾找了个单间，便宜！几百块一间！！！虽然采光不好，但对于没钱的我们来说，性价比超高的好嘛，后来她去了天河，在公司附近找了一室一厅，也才刚过千啊！我想一线里面，单单说房租这块，广州就能给刚进入社会的俊男靓女留下好感（当然带来的也是环境不是很好）工作工作这快，很好就业，工厂比较多，机械类的也好找工作，但带来的是工作了几年后带来的迷茫，青春献给了工厂，带了该结婚的年龄，想回家买房，家里又没有大型制造厂续上，自己在厂里的工作经验又不好找其他工作。可能会有人说了，咋不在广州买房？亲，理解下，制造业薪资也就是混个温饱，又不像互联网行业，就纯粹是当个螺丝钉。貌似偏了，不严谨的总结下，传统行业还是好找工作的，互联网等新兴行业（也不新兴了）的话还是比较少，薪资也比其他大城市低一点饮食这个就不要我再吹了，好吃的太多了，早茶夜宵的，满街都是，潮汕火锅也是鲜嫩的不行，我爸妈来广州玩的一星期，带他们吃了早茶，他们说就没见过早上都能吃得这么丰盛，整的跟午餐晚餐一样哈哈，一顿就花了100多哈哈。但我还是想提下肠粉！在城中村里吃过一家做的，每周末去都是点瘦肉鸡蛋加油条的，他们家切得刀多一点，块比较小，肠粉很薄，感觉不到，酱汁很合口味。后来疫情过后，他家不知道为啥不开了，然后我两就只能找其他肠粉店吃，但是！再也没有吃到过比他家好吃的了！要么饼皮太厚，跟煎饼一样；要么切得大块，并不是很入味；要么不能加油条，，，，好怀念那家的，每周末都去吃，再点上一大碗的白粥，粥才两块。哎，希望以后能找到一样口味的交通交通，地铁公交四通八达，几乎哪里都能到。地铁的建设速度太快了，想一想大学时候，长春的地铁建设速度，广州这边简直就是神速啊。在我来的这两年，刷刷的通了两条线我擦！现在这边又是轻轨啊啥的，疯狂建设中，而且还不是很堵交通，好评。再提一点，就是城市绿化方面，我擦，这个也不得不说，经常把路中间草皮去掉，换上各种花，再过段时间，在挖掉，再换一种花，整的我都想去搞花种批发了，这也太挣钱了吧。说远了，不得不说，绿化做的太好了，真的很好看！还有就是走几步就能看到的荔枝树、香蕉树、芒果树，太棒了！先这些啦，在疫情期间裸辞了，现在也在换工作，之前一直在回家还是广州之间横跳，最后决定还是先在这边找份工作吧，从厂子出来了，也不想再进厂了，换行之路漫漫，一个半月了还没公司收我，难受，，，，，,"城市生活,城市,旅行,广州市,广州生活"
li-xing-6-47,赞同了回答,1592534194,2020-06-19 10:36:34,1290611615,河北存在感最低（最不出名）的城市是哪个？,邢台孩子来发表一下看了这么多答案的共鸣其实我也觉得是邢台（虽然我是邢台人但我依然这么觉得）最近给我推了好多河北的问题，比如什么河北有啥厉害的，河北为什么没人吐槽，河北的存在感之类的，看了之后真的觉得怪辛酸的(ónò) 我经常觉得自己是一个很不称职的邢台人，因为我自己都不知道有什么出名的东西，有的时候同学朋友问我我家乡有什么特色的时候我竟然一时语塞，最后说了句，可能是雾霾？（狗头）后来我想了一下我觉得关于邢台的名人和事迹的记忆点都不在邢台这个城市。你看说起邯郸，大家脑子里估计就 邯郸学步第一个蹦出来；石家庄，毕竟是省会，还是火车拉来的城市，国际庄；衡水，那必须说到学校和考生，可能还有“喝出男人味儿”的衡水老白干......但是说起魏徵（征），你想起的是他的直言进谏；说起郭守敬，可能想起的是大运河和天文学；说起陈佩斯，你会想起他是很棒的喜剧表演者；说起王宝强，可能就是不错的演员有很多作品。你会想到他们来自邢台么_ 再比如说起巨鹿之战，那第一印象可能就是破釜沉舟；说起邢台的别称牛城，甚至会把“羊城”也扯进来，，上大学之后很多朋友是因为我和他们讲我是邢台人，他们才知道的这个地名，，当然，可能有人觉得邢台也有很多山啊水啊，邢台历史那么悠久。但是邢台的山水少了像别的著名景点那样的著名诗词的加持，也少了具有创新意义的开发，少了点自己的特色，不足以给这个地方很大的名气。而且虽然是几千年的古城，但我感觉历史底蕴并已经没有那么深厚了，无论是开发还是保护，可能都没有那么到位。以历史名城的标签“出圈”也欠了点火候。所以说存在感是真的很低啊但是怎么说，作为邢台小孩还是很希望可以邢台可以好好发展的！！真正走出一条属于自己的路来！,"城市生活,城市,河北省,京津冀,河北旅游"
li-xing-6-47,回答了问题,1592532580,2020-06-19 10:09:40,1290926868,有没有律师在律师行业混的比较差的案例?,当然有啊！我曾经的一位律师事务所的同事，因为混得不好，压力太大，最后得神经病了。我跟他共事时间不长，后来我就离开律所了，去投行了。某天我接到一个我原来律所座机的电话，听见他对我说：李律，我是SY，你有项目没有？我一听，很纳闷，我跟你很熟吗？上来连句客气话都不说。我说：对不起，我现在在中后台部门，没有什么项目介绍给你。他说了一句“哦”，就把手机挂了。又过了俩月，我又接到他的电话，又是用座机打的，比上次说话还硬，那语气好像我欠他一样，说：哎！项目呢？有没有项目？！我这次是真急了，说：你以为你特么谁啊！艹！然后就把手机挂了。挂电话了以后，我直接给我的前主任发了一个微信，说：SY是怎么了？一直找我要项目，说话还那么横！怎么那么跟我说话？！我前主任一会回我说：他精神不正常了，你别搭理他！他现在每天坐在办公室里乱打电话，我已经联系他家里人过两天把他领回去了。因为这哥们儿一直在主任的团队里做非诉，嫌主任给的太少，就想自己独立拉项目......可是非诉的水多深啊！哪有那么容易？而且我离开律师事务所的时候，因为经济形势不太好，“非诉”业务已经不是什么优质业务了，像我们的那种中型律师事务所，根本要不上来价格。这哥们儿也是把赚钱想太简单了，刚开始信心满满，慢慢居然有点魔怔了，就每天坐在办公室各种打电话找项目，自然拒绝他的很多，压力越来越大，然后他脑子就开始出问题了。我这个同事估计有点太偏执了，其实任何行业，任何领域都有高潮和低谷的时候，大家还是要学会自我调节。,"律师,律师事务所,律师职业发展,律师行业,律师执业"
li-xing-6-47,赞同了回答,1592531049,2020-06-19 09:44:09,775914991,为什么女生更喜欢渣男？,胡说八道女生喜欢的是长得帅，有才华，有经济实力，情商高最起码得占一两样的男人。跟渣不渣没任何关系。只是这群男的里，出现了渣男而已。麻烦不要把女生讲的跟个睿智一样,"女孩,追求女孩,女孩心理"
li-xing-6-47,赞同了回答,1592530692,2020-06-19 09:38:12,1282969174,为什么女生更喜欢渣男？,我要反驳一下。事实上大家现在都开始认为渣男除了渣完美无缺，老实人除了老实一无是处。但是这个不一定成立。我见过四五个女生找了一个渣男，被劈腿欺骗之后还会长时间怀念。这个渣男并不是大家想象中的那样高富帅，温柔体贴，才华横溢，花心放荡。相反，这个渣男一无是处，又丑又穷又矮又不上进，性格恶劣脾气大。连最基本的颜值都没有，你很难想象他怎么拥有渣的资本的。所以我可能要说一些女生不爱听的话。有很多女生可能会说，“你真的很好，对我也好但是我没有那种恋爱的感觉，也就是我没有心动过，我和你在一起没有意思，所以我们不合适。”乍看可能挺有道理，确实两个人在一起的感觉很重要，而不是去菜市场精挑细选地买菜。但你又怎么能解释有些渣男高富帅一个都不占的男生就有当渣男的资本呢？女生眼中所谓的心动感，只不过是一种心理学骗局而已，是一种赌欲。是可以被伪造的。不得不说女生的眼神滤镜真的很重，才有了他除了渣全是优点的判断。什么是心动感呢？赌博爽不爽，刺激不刺激。你投了钱，渴望回报，在等待结果的时候，你心里充满了期待和焦虑，还有那种等待结果的刺激感，结果出来以后，你赚了你满心欢喜，下一局你输了，有点气馁然后想再开一局。和渣男谈恋爱就是去参与赌博罢了，渣男就像是开赌场的人。一开始温柔体贴，一呼百应，就像是赌场的销售笑脸相迎地拉你进去。“玩一玩嘛，不用太多钱，没有最低限制，输了你就走呗，也不亏多了，赢了可就赚大了。“就相当于”谈一谈试试嘛，不合适我们就分手，合适可是一段良缘。“于是你进去了，开始投入，然后赌场的人会给你一点小甜头，你投了100块钱，他让你赚了1000，就相当于一开始你稍微投入一点做一点事情，渣男就给了你很多甜头和宠爱。然后你有点飘了，于是加大筹码，这时候你发现出现不赚不赔的情况下，就像后来女生投入了时间、精力给渣男，渣男并不会一呼百应了，开始对等付出。然后你开始有落差感，于是又加大了筹码，这时候就开始亏了，就像这时候女生付出了身体、金钱、时间、精力，甚至为了感情放弃了自己的很多社交生活和业余爱好，然后渣男开始冷淡。最后因为你投入了很多筹码，你不想直接一走了之，因为你太亏了，心里抱着一种侥幸感，觉得是不是再玩一局，就能赚回来，赌场说关门了不赌了，你说别啊，我得赢回来才行。就相当于女生开始倒贴，渣男开始收尾走人。所以说你们很多女生所谓的和渣男在一起更有心动感和刺激感，说句不好听的，只不过是赌瘾罢了。但是女生真的是情绪动物，只会跟着感觉走，从来不会理性思考两个人合不合适，对等不对等，才会总是把赌瘾当作对一个男生的心动感。你说话说一半，半坦诚半保留你不负责不承诺，你保留神秘感让她感觉是在赌博一样对未来保持不确定性这叫做心动。你坦诚相待，你一开始就做好了承诺你遇到问题就沟通，你经常规划好了未来讲给她听她觉得一切都尘埃落定，踏实安心，未来握在手中这叫没意思，不合适。所以很讽刺。为什么很多女生谈了一个渣男以后，就很难再认真和另一个男生谈恋爱了？就好像沉迷赌博的人会愿意回去上班打工领死工资的日子吗我真的希望很多女生能明白这个道理，感情的事情理性一点，真正遇到了那个对你真诚，对你毫无保留，对你负责，对你上心的另一半时，你要明白，因为他在让你远离赌博，才会让你觉得没有意思，你要珍惜这种没有意思的感觉，因为这才是健康的感情状态。珍惜那些笨拙但真诚的男生，因为真正的爱都是笨拙的。不要渣男面前唯唯诺诺，好人出现我重拳出击。你能伤害到的都是真正爱你的人。,"女孩,追求女孩,女孩心理"
li-xing-6-47,赞同了回答,1592529124,2020-06-19 09:12:04,1290146769,给你二十万让你去虐待一只与你无关的猫至死，你会做吗？,不会，因为你并不会真的给20万。不花一分钱就能居高临下的点评人性，真是太划算了。题主 @小陈先生 ？,"伦理,人格,品德,虐猫,虐待动物"
li-xing-6-47,回答了问题,1592528948,2020-06-19 09:09:08,1290818287,深圳盈科工薪律师助理与北京京师全国破产项目(合伙人)律师助理选哪一个?,我从另外一个角度跟你说一下。你知道一个破产项目有多难拿吗？因为破产项目是要从破产财产里先支付破产管理人的费用，所以油水非常大！在这个行业里，能拿到破产清算之类的项目，那需要的关系真的非常硬。题主觉得，你当了破产项目合伙人的助理，等你执业的时候，凭你的人脉，你是可以独立拿到项目，还是给别人打工？自己琢磨一下。如果你做律师只想给合伙人打工之类的，答案里有个知友说得好，你做破产项目起码简历很好看。,"合伙人,律师,律师事务所,实习律师,律师就业"
li-xing-6-47,赞同了回答,1592450513,2020-06-18 11:21:53,1287515690,相亲，因为不想磨叽直接说明了我的原则，相亲对象喊我去出家，请问是我过分了吗？,你不是在谈感情找老公，你是在找凑伙过日子的人。你提了这么多，却全然没有提到人本身的个性，也没提到感情。试问谁愿意和一个没有感情，没有人情味的人过一辈子？当然你列的这些条款，在有感情基础的情况下，对许多男性可能都是他们梦寐以求的状态，可能会真香。但那是【有感情基础的情况下】而不是你这样上来就没有感情的1234感觉你是被网上的所谓独立女性文章洗脑了，走向了另一个极端。虽然你自己说你不相信爱情，ok fine但也不要这么直接的摆到明面上说吧过于前卫你这条款绝大多数人看了都无法接受（无法接受不是因为这些条件本身，而是因为你这样表达几乎就相当于说：我这辈子永远不会爱你）如果他接受了，你倒要小心，是不是形婚你即使真的喜欢这种相处方式，也应该先认识以后慢慢的说,"婚姻,相亲,爱情,婚姻价值观,婚恋交友"
li-xing-6-47,回答了问题,1592448251,2020-06-18 10:44:11,1289162207,生活中有哪些残忍的真相？,我以前在知乎上说过，我是一个地方国企的子弟，家在北方一个四五线的小城市。我们80后的国企的子弟，一般都是，从小上的是企业自己的幼儿园，自己的小学，中学，有的条件好的国企还有自己的高中。我初中就是上的我们企业自己的子弟学校，学校的老师跟我们父母都算是一个单位的同事，而且很多老师还是国企子弟。那时候我们大家都住在一个国企大院里，所以我们上学、放学，都是跟老师们一起上班、回家，有的老师还跟你住在一个单元楼里，比如我初二的语文老师，就是我家楼下的邻居，他是家里的老二，他大姐是我初一语文老师的媳妇。呵呵，怎么样，国企就是这样，大家就是在一个小圈子里。我们是初一的时候开的生物课，生物老师是一个清瘦清瘦的，师范大学刚毕业的女生，高高的个子，戴着一个高度的近视眼镜。第一次上她的课，就觉得她说话有气无力的，声音很小，听她的课很费劲。因为她说话的声音太小了，还有点弱弱的样子，所以班上那些捣蛋的学生上她的课，就在下面说说笑笑，也不把她当回事。她遇到这种情况呢，也不发火，就把书放下来，瞪着我们，一会儿声音安静了，她就继续讲课。有天晚上放学回家，吃晚饭的时候，我跟我爹妈聊天，就说到我们生物老师，说话声音太小，根本听不见。我妈说：你们生物老师，是不是那个瘦瘦的，姓高的那个？我说：对对对，您认识她啊？我妈说：咳，爹妈都是一个单位的，能不认识嘛！你们高老师她妈，有精神病......我说：啊？咋回事？我妈说：就你们高老师，她爸爸跟着别的女的跑了，她妈就有点精神不正常了。平时还好，但是就是不许你们高老师搞对象，只要看见你们高老师跟男的说话，她妈上去就打！你们高老师上大学的时候，也有人上门给你们高老师介绍对象，每次都让她妈打出去了，所以也就没人敢提这事了。我说：啊？还有这种事呢？结果这一聊，就把话匣子打开了，我爸妈就开始聊起来高老师父母的八卦。从那时候，我就觉得我们高老师很可怜，所以上生物课的时候，别的同学怎么在下面说话，我就一句话也不说，专心的听老师讲课，虽然我并不喜欢生物。大概也就是上了半学期的课吧，我们生物课突然就换老师了，换成一个老头。我还记得那个老头姓杨，杨老师，虽然是个小老头，但是讲课挺活泼的，我们也挺喜欢他，就是不知道高老师去哪里了。课间的时候，同学们会扎堆聊天，我就说了一句：也不知道高老师去哪里了？她怎么不教课了？我们地理老师的儿子在我们班，他就嘿嘿一笑，说：高老师啊？哈哈，她和冬老师的爱人搞对象，被冬老师抓住了，还被黄学姐找了一帮人打了一顿。（我们上中学的时候没有“学姐”这个称呼，都是从港台剧里学来的，只不过我实在想不起黄学姐的全名叫啥了，就叫她“黄学姐”吧）。这个冬老师，是我们教务主任，你只要见过她，肯定印象很深。因为我们那个四五线的小城市，尤其90年代的时候，大部分上年纪的妇女穿得都很土气，但是我们冬老师可不是。我们冬老师，虽然上岁数了，但是特别会穿衣服，经常套裙外面穿一件特别潇洒的米黄色风衣，特别有气质，走起路来步步生风，说话也是透着干练。因为我们冬老师是学美术出身，她老公也是我们省著名的画家，所以看着气质就不一样，在我们那个四五线小城市，特别扎眼。当时，我们教生物的高老师大学刚毕业，刚来我们学校，看样子柔柔弱弱的，我们冬老师知道她家的情况，挺可怜她，也特别喜欢这个孩子，于是很照顾高老师，还经常叫高老师没事来家里吃饭，我们黄学姐甚至和高老师都姐妹相称了......然后，高老师经常去冬老师家，这样一来二去，高老师就喜欢上我们冬老师的老公了，接着俩人就搞在一起了......这事被我们冬老师知道以后，家里就彻底闹翻了！冬老师的孩子，就是黄学姐，她可是我们学校公认的大美女，你想她妈妈都是那么有气质，爸爸又是著名画家，女儿真的不会差到哪里去。那时候我们学校很多男生在追黄学姐，黄学姐就号召了一帮甘心为她赴汤蹈火的男生，把高老师堵到计算机室里，打了一顿。当然，我们黄学姐也没有受任何处分。因为那时候我们校长是个标准的老顽固，他对于高老师这种做法极其厌恶，就象征性的批评了两句黄学姐，然后就让高老师注意影响，先不要来上班了。听我们地理老师的儿子八卦完，我彻底惊呆了，那时候我刚十几岁，三观有点接受不了，真的想不到我们高老师能干这种事！后来，我也就没见过我们高老师在学校出现过。多少年以后，我再见到冬老师，也是件特别特别巧的事。那年我都快30岁了，在律师事务所，保利集团是我们的客户。有一天，我在保利集团办点事，中间下楼，在保利大厦的门口抽烟，正好看见一个老太太从保利大厦里面出来。我就一看，这不是冬老师吗？我赶紧把烟掐灭了，喊了一声：冬老师.......冬老师停住脚步，看看我，说：呃，你是.......我说：冬老师，我是李XX啊！原来我是矿中三班的，我们班主任原来是李XX，后来换的许XX，您想起来了吗？冬老师恍然大悟，说：哦！我想起来了！你原来在学校总演课本剧，是个特别活跃的男生。哎呀，都长这么大了，我都不敢认了。你现在在保利工作吗？我说：我说不是，我是律师，保利是我们客户。冬老师惊喜得打量我，说：哎呀，有出息了！都当上大律师了！我笑笑说：冬老师，您来保利办事吗？冬老师说：咳，我早退休了，现在北京跟女儿住一起。保利拍卖不是有艺术品预展吗？我女儿告诉我的，我过来看看画展。原来黄学姐现在也在北京生活。正好，那几天我父母也在北京跟我一起住，我回家以后，就跟我妈说：妈，你猜我今天遇到谁了？我遇到我们学校的冬老师了！我妈说：啊？谁？哪个冬老师？我说：冬老师啊！就是我们学校那个特别潇洒的老太太，教务处的......就是他老公，跟我们教生物的高老师，俩人......知道了吧！我妈说：哦~知道，冬XX啊！她也在北京？我说：对，她闺女在北京工作呢~对了，那时候听说她老公跟高老师俩人不是搞婚外情吗？后来怎么样了？我在学校就没再见过高老师了。我妈说：咳，能咋样？冬老师跟她老公闹了半天，她老公还是跟你们冬老师离婚了，跟着你们高老师，俩人去浙江了，听说俩人过得还挺好的，其他的我也不知道......哦~所以说这个世界上，别指望有什么人知道将心比心，自己遇到的痛苦，遇到对自己有利的事，他也会强加到别人身上。可怜之人也许真的是有可恨之处......知乎上有人问，背叛感情会遭到报应吗？也许会吧！可是报应也只是个概率的问题，没有必然的，大部分时候，我们就是自己默默接受了结果。,"生活,现实,生存,社会,真相"
li-xing-6-47,回答了问题,1592383870,2020-06-17 16:51:10,1288053317,有没有一些早恋小故事（真实的）？,早恋的小故事......初中的时候，对隔壁班的一个漂亮的女孩有些心动，我们班特别热心一个八婆决定帮我去牵线搭桥，得到的女生回答是：你问问他家是不是没有镜子啊！故事完毕！,"早恋,青少年心理,中学生早恋"
li-xing-6-47,赞同了回答,1592375853,2020-06-17 14:37:33,1225890301,如何评价郑爽的芭蕾舞？,"被zs粉丝人肉威胁了。呵呵^_^截图在最底下。另附有zs粉丝对我的律师函警告(我被人肉了，粉丝表示要给我律师函)。有人告诉我，有人去zs圈子里挂我？原回答芭蕾做错了什么？为什么最近那么多明星拿芭蕾操人设。自己几斤几两不清楚吗?选个简单点儿的操人设不好吗？如果只是学习过，作为业余爱好，请团队和粉丝不要营销专业芭蕾舞者balabala这种人设。PS:其实我有几个想举例子的学过芭蕾的明星，但怕说我涉及拉踩，我就不放了。要匿名只能删视频了。争议太大，来解释一下我这个回答要表达的。1.尊重艺术，团队不要随随便便搞人设。2.评价郑爽的芭蕾舞。(题主的原问题是客观评价zs的芭蕾舞。所以，这里不涉及考虑其他任何因素，只是客观评价zs跳的芭蕾舞本身。请粉丝不要再跟我说balabala)我通篇只针对zs的芭蕾舞说了话，其余关于zs的任何事情都没说。黑从何来?哇⊙⊙！很棒棒冲你所作所为，不会删。事情起源于我通过了陌生人的QQ，然后，我就收到了如截图的话。内容大同小异，我就不放了给大家说一下，我是怎么被人肉的吧。以后大家注意。我比较缺，在其他回答里吧微信号和QQ号漏了出来，然后她就顺藤摸瓜，找到了我的手机号、家庭住址……关于我父母的信息，有可能他是人肉的，也有可能是我自己回答里说过，她看到了。关于小号:线人来报如下:朋友发我的哈""你有资格说zs吗？""我有。粉丝就不要在迷惑发言了。我家庭条件怎么样，没有人比人肉我的粉丝更清楚了～你们狼狈为奸，勾结一下，你不就知道了。黑框里的字是妥妥的受害者有罪论红线上的字，是她开始攻击我的话。红框里红线上的字，是她指责我攻击她。您翻翻评论，谁先攻击谁。圆圈里的字，就是著名的律师函警告。我寻思着，我还没打算发律师函，你有资格?法盲石锤。语气这么冲你着急了。  我有罪，我浪费了国家公务员的宝贵时间，我对不任何人。  另说，我放个视频你就说我黑，你不觉得同意了Something关于我的素质，你说的最重的是我的素质?我很无语呢……你素质高，一从小黑屋出来又进去。我素质低吗？最后，干啥啥不行，给人戴帽子第一名，我社会，呵呵了。最后，你的诅咒我记得了。“口口声声说摆事实，分明就是黑，被粉丝教做人活该。”首先我觉得，我觉得知乎就是发表看法的地方。你觉得我放视频多余、活该，那我只能说你太狭隘了。摆事实，真的就摆了三个视频，如果你觉得是黑，那说明你也看出来不好了。(这件事情我都说烂了)如果看我被骂你很爽，那你就爽吧。我不care。你这算是为郑爽发声，还是招黑呀！关于说我冷嘲热讽的，我真的无话可说。我觉得我的原回答摆在那里，真的没有冷嘲热讽。如果让你有这种感觉，我只能说你有点敏感。关于清高:在此我表示不知道你是怎么看出来的。我整篇文章(指原回答)真没黑。被人肉了，是我的错吗？至少在此之前，我认为我没有错。关于为了黑而黑，不好意思。芭蕾舞，不拿芭蕾舞的标准比较，你让我拿什么？怎么我总是被说“为了黑而黑”？艺术，就是艺术。芭蕾舞就是芭蕾舞。看人回答我也变成了垃圾人。对，我是垃圾人，不用骂了。蹭热度，不好意思，是xz粉丝先惹怒我。但，上升正主是我不对。我再次郑重的向肖战先生，以及其粉丝道歉。关于浏览量能赚钱，不好意思，浏览量不赚钱。大家都回答问题，大家应该知道回答赚不赚钱。关于删回答，做错的不是我，不应该是我删回答。关于我把我的家人至于危险和辱骂中，是我的疏忽造成的。但我们现在很安全。口口声声说为我好，就是教我当缩头乌龟吗？这是什么逻辑？不要跟我打我父母怎么样的感情牌。删回答一个字底价100万，涨幅随我心情好坏而定，你真想让我删，你来买。关于正常粉丝不会人肉别人，我没必要计较。不好意思，你认为人肉我的是正常粉丝吗？反正我觉得不是。先感谢这位被删评，以及不愿意透露姓名的伦。关于回答被挂:别的不说了，说好你是路人的呢？？？感觉被欺骗。关于又有愿意透露姓名的定wdw告诉我，一个声援我被人肉是我故意引导zs粉丝这么做的人。发了如下问题:怎么说呢，反正我就看见四个人回复他(没杠他，都是跟他说事实，结果把人家拉黑了)，然后他就发了这种问题，我也是无话可说了。下图是内涵某个评论他一次的人。","娱乐圈,芭蕾（ballet）,舞蹈演员,郑爽"
li-xing-6-47,回答了问题,1592374036,2020-06-17 14:07:16,1287754692,想问一下大家法考的内容每年都一样么？,每年都一样，那不是谁弄本真题都过了,"国家统一法律职业资格考试（法考）,法律考试,法学专业"
li-xing-6-47,赞同了回答,1592372999,2020-06-17 13:49:59,1226292105,如何评价郑爽的芭蕾舞？,虽然我不是学芭蕾的，倒也接触过两年舞蹈。不管什么舞种，肩膀打开是基本的吧？但是我看着动图十分难受，我一直盯着她的肩膀，脑子里不停地喊“打开呀，打开呀！”结果，她肩膀从头到尾都始终打不开。含胸驼背进行到底。给我憋得想穿过手机去把她背掰直。难受得心里刺挠。啊，刺挠啊～她的路人缘就是被她的热搜一点点败光的。刚刚看雷阵雨那会儿挺喜欢她，日记本贴雷阵雨贴纸，前天翻看的时候还看到了。真的是时移世易，曾经的小白花，现如今成了……我都快忘记自己是什么时候成为黑粉的，大概就是她热搜体质各种作妖那阵子吧。到如今是看到她热搜就反感。而且我越来越觉得这个女人不简单，你发现她一直一受害者自居，一直表现单纯弱小真性情。好多人都说她这样单纯不适合娱乐圈。但是说真的，嘴上喊着不适合，却成了娱乐圈金字塔中上层流量。又或者，他们自己所说的，顶流。这就是一个单纯的人？我不太敢相信。这是典型的扮猪吃老虎。刚刚刷知乎，看到一个动图我惊呆了以前大家都吐槽郑爽抢占c位，没脑子。我还一直觉得她可能是无心之过，大家有点小题大做了。直到我看到这个动图走位，大家可以看一下，挺无语的。郑爽是距离c位最远的，她需要绕半圈才能去到。结果她目标明确，直接穿过所有人，径直走向c位。整个过程可以看出来，她是故意的。看来这个位置她盯了很久吧，心里早就打定主意抢占c位了。大家还在犹豫谦让，她却直接跑了半圈，推开别人，钻过去，走向c位。这不仅是没瑙仁儿，而且，用心叵测，番位达不到就抢c位呗？一边吃着娱乐圈红利，一边还要声称自己单纯不做作。当bz还想立牌坊？我从未如此对一个明星有如此大的e意，她是第一个，也希望她是最后一个。应评论提醒，加一个她摇头晃脑的动图看表情真的精彩，一台大戏。小仙女摇头晃脑，表示自己啥也不懂，天真无辜。倪妮满脸无语，心里mmp俞飞鸿是见过大风大浪的，啥人没见过？何况她是长辈，自然保持微笑，粉饰太平。至于心里有没有mmp大概只有她自己知道了。更新：2020.5.22郑爽又在节目cue胡彦斌了胡彦斌气得下场郑爽然后郑爽粉丝疯狂空瓶，说胡彦斌自己对号入座蹭热度。我无语了，脸呢？一个音乐才子，用得着蹭女网红的热度？借用一个网友的话：众所周知，郑爽的男友都是终身制的。红泥小火炉：如何看待胡彦斌发文称「搞不定东北女人」疑似内涵郑爽？2020.5.28更新这个女人彻底e心我了今天的热搜，呵呵。我之前看那个综艺片段，就觉得她老对许魏洲眉来眼去，踢他，撒娇什么的。而旁边其他男生她都不怎么搭理。果然不出所料，该来的还是来了，开始盯上许魏洲了。许粉赶快做好防护，一不小心，许魏洲可能会成为爽粉的下一个攻击对象。我们静观其变。2020.5.29泡面刘海热搜，牛批。我终于知道为啥我打开热搜啥也没有，因为我把她屏蔽了哈哈哈哈！太爽了，除了热搜标题屏蔽不了她，内容全都屏蔽了。更新：看到评论区问我怎么屏蔽的，其实微博国际版就可以屏蔽，直接设置屏蔽哪些关键词话题，就可以完全屏蔽了。更新：我这是一不小心就成了郑爽的黑粉头子了？感谢郑爽，因为发自内心的讨厌，竟然让我取得如此“成就”，荣幸之至！,"娱乐圈,芭蕾（ballet）,舞蹈演员,郑爽"
li-xing-6-47,回答了问题,1592297294,2020-06-16 16:48:14,1286250453,为什么现在公务员待遇这么差的情况下，仍然很多人选择报考国家部委？,你不能光看到手的钱啊~好比我堂弟，工信部的公务员（后来他们部门划分到网信办了），刚从西部挂职回来，刚提的正处。虽然我弟到手的工资没我的多，但是我弟弟可是分到学区房的，这种隐性福利，我挣得再多也享受不到啊~,"公务员,部委,公务员福利"
li-xing-6-47,回答了问题,1592290570,2020-06-16 14:56:10,1286042956,有哪些距离北京不远，高铁动车2―3小时可到北京，适宜生活的城市？,我家邢台，还有里我家不远的邯郸，差不多就是两个小时左右高铁到北京。你确定要去？,"城市生活,城市,中国城市,北漂生活,城市经济学"
li-xing-6-47,回答了问题,1592278447,2020-06-16 11:34:07,1285697918,有个朋友年薪6、70万，为什么总是瞧不起比她工资低的人？,这不是6、70万的问题，而是心态问题，有的人就是喜欢各种找优越感。我就写过，我有个小学同学，初中毕业以后，上了一个中专，因为家里有点关系，中专毕业以后，在我们市的市政环卫找了一个坐办公室的工作，后来结婚又找了一个交警队的老公，那优越感爆棚了。每次她只要看场电影，那你就不用再去电影院看了，看她朋友圈就行了，她会把电影的每一个镜头，都拍下来，发朋友圈。我后来就跟她说：姐们儿，电影我还没看过呢！你别总剧透行吗？老老实实看个电影不好？她就嘿嘿一笑，说：我就是让我办公室那帮土包子们看看，周末去看电影有多有乐趣！人家可能就不爱看电影呢，人家就是土包子？别人买耐克阿迪，她带着儿子买安踏，还要发个朋友圈“其实耐克阿迪质量跟安踏一样，价格还贵很多，不知道买的人咋想的”有次他老公给她买了肯德基的早餐，她又发个朋友圈“老公爱你才会给你买西式早餐，绝不会让你在破早点摊上吃豆浆油条…”看到了吧！你要是买贵的，她买便宜的，她就会说你不勤俭持家；她要是买贵的，你买便宜的，她又笑你买不起贵的…所以说，喜欢找优越感的人，别说她一年挣60万、70万，她就是一年6、7万，她都有理由找到优越感，贬低别人。你要跟这种人较劲，那就真没意思了。,"华为,薪酬待遇,工资"
li-xing-6-47,赞同了回答,1592271259,2020-06-16 09:34:19,1261170147,有什么是你去了北京才知道的事情？,北京人特爱叫人宝贝儿，我去了这半年被叫的次数比前26年加起来都多……哦对，还有北京话不是标准的普通话，连音吞音太多了，我听不懂……听不懂……以及，北京地铁换乘太让人蛋疼了……坐一站，走老远再坐一站，真的不如骑车……还十一点多就停，服了北京的小哥哥小姐姐走的是……怎么说，非常接地气的朴实、朴素的风格，让我迅速找到了认同感归属感……不过杭州的小哥哥小姐姐真的很养眼啊，颜值真的能打北京气候真的不宜居，我呆半年，去校医院起码十几次，光皮肤科就跑了四五趟……气候干燥，尘土，雾霾，听说上个月还下泥雨，啧啧啧对了，北京的云还挺好看的，每天傍晚都喜欢去阳台看看，无论哪天都好看。（先写到这，想到再补……,"北京,北京生活,生活方式,一线城市"
li-xing-6-47,赞同了回答,1592210877,2020-06-15 16:47:57,1259894392,罗云熙的《月上重火》开播了，大家觉得怎么样？,你们所有唱衰的言论，都被MCN自媒体号搬走，发在各大浏览器、新闻客户端，成为攻击云熙的刀子。理智看待可以，但是责怪云熙作为演员不会挑本子，你们认真的？不是我危言耸听，本人从事新闻资讯行业，所在平台，2亿月活用户，每天从我们这里发布的资讯上百万条。职业习惯，每天我会去搜索关心的舆情，我随机在库内搜云熙的稿件，基本都是负面，唱衰云熙只能演润玉戏路固定，唱衰他不抗剧，唱衰他的外貌，唱衰他的演技，唱衰他油腻。这些搬运号，没几个是作者自己写，基本靠到处抄，微博、贴吧和知乎都是重点搬运对象。现在的资讯，都是算法推荐，每天这么多负面发出去给路人洗脑，各位刀子真是捅的妙啊，把黑粉该干的活儿全干了。早上一个朋友发群里的，她在QQ里刷到的，连着三条负面,"罗云熙（演员、歌手）, 月上重火（电视剧） "
li-xing-6-47,赞同了回答,1592208755,2020-06-15 16:12:35,1270273019,为什么大家对东北人的印象不好呢？,"昨天举报一个辱骂东北人的知乎号成功，知乎反应挺快，毕竟那人几乎就是标题骂街。虽然如此，心里还是有些火气的，评论的时候带些情绪，结果被封了一天。所以就来探讨一下这个问题。个人好旅游，去某个城市之前总是喜欢在网上先探探路。有次想去某海港城市，结果一问之下有个当地人恶语相向，我问他原因何在，记得他气愤愤的说，你们东北人在海边都干了些什么你们自己不知道么。我怎么可能会知道。然后我用最简单的逻辑捋了一下：请问那些东北人是否有违法行为，如果违法，当地执法机关为什么不处理，总归不能是被东北人控制了吧。如果他们违法，你们不处理，本地的问题更大吧。如果那些人没有违法，那你说再多有什么用呢，东北人不是中国人么，中国人难道不能去中国人的地方？再退一步说，东北人在外地无论如何是占少数的，你们当地人居然就无可奈何，只能在网上骂人，这也说不过去了吧。这道理太浅显了，所以别有用心者改变策略，就是意图证明东北人不是中国人。知乎曾经看过不止一个非东北人质问网上东北人为什么会有分裂言论，说河南人被黑了这么多年也没说什么。问题是有人拿异族汉奸这种言论来攻击河南了么，没有的。观察者网是著名爱国网站，不是讽刺，也不想讨论这个问题。可是那里地域黑同样猖獗，一次在辩论东北人是否爱吃野味的问题的时候，某人就一口一个东百如何如何，我就试探了他一下。我说一亿多东北人是什么人，你说的不算，我说的不算，认为自己能说的算的都是P,结果他果然恼羞成怒，破口大骂，被迅速处理。能被迅速处理，应该是因为现在的观网有东北小编。这就涉及另一个问题，有一部分人想把东北人标签化，定义化。这个方法目前看来已经颇具成效，因为很多东北人有意无意的在配合。美国就用这种方法来统治黑人，把吸毒脏口等等恶习说成黑人文化，把黑人定义化，标签化。喊麦风行的时候，臧鸿飞说东北人像黑人，就是这个意思。东北人应该警惕，大碴子，烧烤是饮食文化，无可厚非，但东北人真就都喜欢大金链子穿貂皮喊麦么，是这么回事么。那这些人想干什么呢，知乎说法很多。个人也不想探讨。不过要说一个亲身经历的事情。个人去年生病回老家，发现老家的抗联遗址被整修一新，还有专人看护，攀谈之下了解到，自从八年抗战改为十四年抗战后，全国各地的官方吊唁络绎不绝，中央党校一年至少要来两次以上。这事或许说明不了太多，但是至少证明高层是重视的。对比高层精英人员，你不管怎么说吧，网上地域黑真就是P.老家的抗联遗址有一座烈士纪念碑，埋葬了一位义士，可他根本就不是中国人，他是朝鲜人，但是因为抗日牺牲在东北，我们没有忘记他，给他立了碑。这才是中国人的胸怀和气度，那些说杨靖宇是河南人，被东北人出卖的网络喷子，你们不羞耻么。杨将军的具体战斗事迹主要都是几个贴身警卫员记录下来的，比如王传圣黄生发。将军殉国之前，身边最后两个不满十八岁的警卫员就已经牺牲。他们都是纯粹的本地人，就像出卖将军也是本地人一样，这在当时中国，本来就是常态。无论是共产主义理想还是爱国主义情操，杨将军怎么可能会考虑籍贯这种荒谬的问题，他和身边的战士本来就是用鲜血和生命来救中国，而你们却在试图分裂中国。不过个人这种消极懒散之人都受到刺激，可见他们攻击效果之大。那作为一个普通东北人，该如何面对当下的局面呢。说一下纯粹的个人观点。那就是有志的东北人要做好自己，不要管他们的印象好或者不好，不要被标签化，我们就算是努力生活的普通人，也跟街头混子不一样，不喜欢的就主动拒绝，保持距离。鲁迅先生说：我们从古以来，就有埋头苦干的人，有拼命硬干的人，有为民请命的人，有舍身求法的人，……虽是等于为帝王将相作家谱的所谓“正史”，也往往掩不住他们的光耀，这就是中国的脊梁。东北人毫无疑问是这片土地上堂堂正正的中国人，我们做好自己就好了。不被挑唆，不被定义，也就不用在乎别人印象。那些喊瑞典的，东百的，他们真的以为自己有多大能量呢，虽然他们背后的能量可能很大。至于东北人中的败类，自有法律和公序良俗，如果两者不彰，我们有志气者就应该去维护和建设。李敖大师生前多次引用某台湾志士的话试图教诲岛民，那位志士是这么说的的，大陆的土地和资源也是每个生在台湾的中国人的，不要小看自己（大意）。就是这样，哪里有什么关内关外，这都是中国的土地，属于每一个中国人。对于现实中存在的问题，真的有志气有本事，那就埋头苦干拼命硬干，如果情况恶化，那就为民请命舍身求法。我承认这是高调，但是唐太宗说过：取法于上，仅得为中，取法于中，故为其下。就算力有不逮，也不可自甘下流，所以不必匿名。","东北人,东北话,东北"
li-xing-6-47,回答了问题,1592198391,2020-06-15 13:19:51,1284092063,为什么我作为法学生会觉得有些律师挺恶心的？,等你从业以后，你就知道，这个行业里比这个恶心的有的是！,"律师,法学,律师行业,快手,抖音"
li-xing-6-47,回答了问题,1591953526,2020-06-12 17:18:46,1279341183,我是一个头婚女，现在23岁，男朋友比我大十岁，且有个五岁的小闺女，孩子是男朋友妈妈带，嫁他会幸福吗？,想啥呢？！肯定不会啊！你幸福才叫见鬼了。我这样说不是因为你男朋友大你十岁，也不是因为他离过婚有孩子，而是因为你连接受这份感情的魄力都没有，你咋可能幸福？你如果可以走入婚姻，周围嚼舌头的闲人可比知乎上多多多了，这你都开始无所适从了，这心理素质，你还是拉倒吧！万一你再过得不好，周围的人肯定比过年还高兴：你看！你看！我就说吧………你要想得到普遍认可，那就去找一份理所应当感情，按部就班的结婚生子，平平安安。你要想特立独行，那就别问，因为很少人会支持特立独行，你纯属找不自在。,"婚姻,离异,23岁,二婚家庭,二婚男 "
li-xing-6-47,回答了问题,1591938847,2020-06-12 13:14:07,1278874226,如何评价面孔乐队的主唱陈辉？,我是面孔乐队20周年演唱会的时候，在“愚公移山”酒吧，才看到陈辉本人。当时陈辉梳着丸子头，戴着黑框眼镜出场的时候，我一看，OMG，一点都没变啊！因为我算了算，如果面孔成军二十周年，那辉哥也得也有四十多了，但是感觉还和《火的本能》内页里的照片一样，一点也不显老。最关键是，居然声线还是那么高亢，也没有显得苍老（好像同时代的齐秦和丁武，唱高音已经有点吃力了）。,"摇滚乐,金属乐,死亡金属（Death Metal）,乐队的夏天（综艺）"
li-xing-6-47,回答了问题,1591924119,2020-06-12 09:08:39,1278383544,高一了想知道学习重要还是朋友重要？,劝你不要以身犯险，但是你如果非要试试，我也不拦着。你可以试试，你高考落榜，去复读，或者去打工以后，看看那些已经上大学走了的小伙伴，还拿你当朋友不？,"高一,高中在校,高中烦恼"
li-xing-6-47,赞同了回答,1591840317,2020-06-11 09:51:57,1212445170,在打官司时，明明对方是违法的，却还是能请律师来，在律师的辩护下，反方竟然赢了，这不算是颠倒黑白吗?,如果你说对方违法对方就违法，那还要法院干什么？你自己判不就行了？,"法律,律师,诉讼,打官司,律师行业"
li-xing-6-47,赞同了回答,1591778988,2020-06-10 16:49:48,1274742404,30 天打卡挑战：在你心中，排名前五的武侠片是哪些？为什么？,"侠之大者,为国为民,侠之小者,为友为邻――――梁启超优秀的武侠片是在是太多了，如果要挑出5部的话，我选择以下这五部，排名不分先后。《笑傲江湖2：东方不败》《新龙门客栈》《剑雨》《卧虎藏龙》《英雄》李连杰 林青霞《笑傲江湖2：东方不败》这个版本的笑傲江湖是我最喜欢的版本，没有之一。皇图霸业谈笑中，不胜人生一场醉。初见张曼玉 林青霞 梁家辉《新龙门客栈》张曼玉演的金镶玉双目含情摄魂，言语风尘轻佻，性格时而泼辣，时而柔情，不拘小节，不吃大亏，最后却为爱情倾尽所有。金镶玉站在龙门客栈房顶上，周淮安问她：龙门客栈在哪？她扭着腰身答道：在我身上。摄魂双目杨紫琼 《剑雨》江湖归根到底还是人的江湖，而人，都是为情而活。我愿化身石桥，为你受五百年风吹，五百年日晒，五百年雨打，只为你从桥上走过。整部电影的画质都十分细腻周润发 章子怡 杨紫琼 《卧虎藏龙》电影中的打斗场景是武侠片中最唯美的，配上舒缓的音乐，看电影成为了一种别样的享受。我并没有得道的喜悦，相反地，却被一种寂灭的悲哀环绕。最美眼神张艺谋 《英雄》一部将色彩运用到极致的电影，一部将古典文化融汇到武侠中的电影，一部波澜壮阔的侠义史诗。一个人的痛苦，与天下相比，便不再是痛苦。赵国与秦国的仇恨，放到天下，便不再是仇恨。屏保如果你也喜欢的话，点个赞再走吧。","电影,影视,电视剧,武侠电影,30天不断片挑战"
li-xing-6-47,赞同了回答,1591771274,2020-06-10 14:41:14,1069552467,渣女是怎样玩弄男人的呢？,谢邀！前几天正好写过一篇类似的文章。先简要梳理一下渣女操作的大体流程。懂他，顺从与崇拜满足男性内心需求 男性感觉很爽并产生依赖 男性想要持续爽引导男性付出获利离场或继续获取更多利益首先让我们来分析分析渣女一系列骚操作的外在表现和内在成因。人性都是自私的。正常择偶的时候我们都会本能的把自我的需求放在首位，而渣女们伪装了一身无私的外衣，为了更远大的目标，而假意把对方的需求放在首位，并为其定制了一套专属方案，让男人如获至宝般的发现了一个懂我爱我，处处以我为先的女孩，简直是灵魂伴侣有木有。等到男生彻底依赖上了，就是她们收割成果的时候了，如果男生家庭条件和未来发展不好，她们可能会选择获利离场，而如果男生条件很好，他们可能就会选择继续经营关系获取更大的利益，甚至是婚姻。这时候我们会发现几个问题。1、为什么渣女们可以做到在感情中如此理性？2、为什么渣女能够知道不同男性的不同需求，并对症下药？3、为什么男生甘愿被收割？首先让我们看第一个问题，为什么渣女们可以做到在感情中如此理性。渣女在感情上如此理性，除了少数天赋异禀者，其他大多数原因包括：1、恋爱经历够多，而把感情看得很透，觉得亲密关系的本质不过是披着爱情外衣的利益互换。2、由于经历太多，边际效益递减原理，现在的她们对感情已经没有那么大的需求，那就不如换取一些实际的好处了。3、自身条件较差且欲望很强，迫切想要改变命运与阶层，却不足以依靠个人实力实现目标，于是通过婚恋来获取资源就成了一个很好的模式。在渣女们的世界，感情就是交换，前期情绪价值的付出就是为了后期的获益，所以她们相当具有服务客户的思维，以对方的需求为己任，这让男生前期拥有了物超所值的体验感。同时由于是交换自然没有开心痛苦纠结不安等等影响决策的情绪。无论是为了满足对方虚荣心而表现出的温柔依赖，还是为了让对方患得患失而表现出的若即若离，不过都是根据场景不同的配合演出，她们无情无爱，情绪稳定。她们之所以能如此下手稳准狠，其核心因素是她们从心理层面和价值观层面早已实现闭环，前期投入，全情表演，吸引顾客，后期收割韭菜都是凭着自己的本事，所以并不会产生一点舍不得或是负罪感。那么让我们来看第二个问题，为什么渣女能够知道不同男性的不同需求，并对症下药？渣女反复恋爱实践，对男性拥有如大数据一般丰富的了解经验，再加上想要获利的欲望使得她们反复对大数据进行深度挖掘，并形成一整套针对不同男性的应对策略。她们甚至比男人还要了解男人，她们可以从言谈举止中挖掘男人隐秘的情感，男人心中的梦想，男人不为人知的创伤，男人难以启齿的欲望。于是她们开始了降维打击，如同高中生来做小学生的题，无论你是加法还是减法，你是乘法还是除法，她们全都会。但是在个体男生眼里，哇，好幸运啊，她居然正好会我这一题，她还知道我做题的痛苦，她还夸我聪明，她怎么这么懂我呢？还那么的爱我崇拜我，这不是命中注定是什么？而与此同时渣女还会根据双方发展的进程，男方反馈信息等情况，不停调节应对策略，若即若离、推拉弹唱，手到擒来。那么让我们再来看第三个问题，为什么男生甘愿被收割？首先我先说一个想吃胡萝卜的驴的故事。从前有一只驴，头前栓了根胡萝卜，驴之所以会拉磨，因为有欲望，有想吃胡萝卜的欲望，特别是之前尝过一口胡萝卜，那就更是欲罢不能了。而这根成了精的胡萝卜经验纯熟，驴走的慢了，就荡到嘴边，仿佛一伸头就能吃到，驴实在不想走了，就让驴有机会舔一口胡萝卜。可驴一直就是很难完全吃到这根胡萝卜。有时甚至它都开始怀疑驴生，之前那胡萝卜明明那么喜欢让自己吃，没理由现在突然变了啊？肯定是我没有做好，是不是自己走的还不够快？是不是自己走错了方向？更有厉害的胡萝卜又牵来几头驴，驴一看这胡萝卜太抢手了，自己要不飞奔起来，岂不是要给别的驴吃了？这时哪怕吃不到胡萝卜，只要胡萝卜离自己比别人嘴边近点，便也满满的满足感。于是驴不再是被动拉磨，而是在争着抢着拉磨了。亲爱的蓝孩纸们，驴器大活好，我在夸你们O(∩_∩)O哈！所以渣女们在前期关系中，短暂大量释放情绪价值，一旦当男生认定渣女是灵魂伴侣，上钩时，也就是完全被渣女掌握这段关系的主导权，开始收割的时候了。低端的渣女会撒娇卖萌获得自己想要的，高端渣女会旁敲侧击引导男生，甚至对战利品半推半就，让男生们以为物质金钱那些肮脏的东西都是自己硬塞给她的，她分明是个纯洁的小天使。她们会控制你的情绪，突然变冷让你很难适应，拼命思考自己是不是做错了什么，冷热交替让你患得患失，心态崩溃，打你一巴掌，再给你个糖，由不得你不怀疑人生。更高阶的甚至引来竞争者，让你在被收割时还能收获成就感，怎么样，那么多人想被收割，可我最终取得了胜利，她只收割我哎，你说厉不厉害。你想问为什么她可以做到，因为渣女不爱你啊，她对你莫得感情，只有交换，无论前期后期，无论热情冷淡，她想怎么演就怎么演，可你居然却当做了真情。你说男生为什么愿意被收割呢？其实被控制了情绪只是一个方面，更重要的是他们想要维持这段关系，因为他们觉得在前期的关系中他们是赚的！他们前期从渣女身上获得了正常妹子那里得不到的情绪价值，所以他们有欲望，有未来想要继续赚下去的欲望，所以哪怕现状出现了问题，他对未来仍抱有期待，为此他愿意加大成本投入，直至沉没成本过大，很难回头。一句话，因为有占便宜的欲望，所以被占了便宜。所有命运馈赠的礼物，早已在暗中标好了价格――茨威格那，普通妹子知道了这套逻辑就能当绿茶了吗？相关扩展阅读可参考为什么你做不成绿茶婊？https://zhuanlan.zhihu.com/p/111479699为什么世界上有渣男渣女https://www.zhihu.com/question/373717122/answer/1074861529,"两性关系,恋爱,渣男（网络用语）,渣女（网络用语）,绿茶婊（网络语言）"
li-xing-6-47,赞同了回答,1591753441,2020-06-10 09:44:01,1270552535,如何评价“吃饭时筷子插在饭上不吉”这种封建迷信思想？,因为说这话的到底是你亲爸亲妈，对着亲儿子没把话说的太露骨，而是采用了“筷子插在饭上面不吉利”这种模糊的表述。事实上准确的讲，筷子垂直插在米饭上是一些地区的葬礼习俗。在一些地区传统的灵堂，逝者的遗像前会摆放一碗白米饭，上面竖插一双筷子，表示对逝者的尊重。这种行为本身没有什么不吉利的，甚至还很庄重。简单的讲，你将一双筷子竖插在米饭上，摆到你妈面前，在你妈眼里，就跟给她敬献花圈差不多。住在你家对门儿的邻居，在他家门口摆个花圈，就对着你家门口，上面写着副对联，上联：英灵垂千古，下联：百世流芳名，都是好词儿，你表示介意，而对方则表示他觉得这样很美观，纯白的纸质花环象征着纯洁，优美的对联象昭示了主人高尚的品格，你觉得不吉利的想法是封建迷信，你无权妨碍他在门口摆什么……故事大体上跟这个差不多。将葬礼行为用在生活中，容易让人联想到死亡，而这种联想让人不愉快，于是称之为“不吉利”。天津话里面有句“倒霉孩子”，说的是“能够带来厄运的孩子”嘛？当然不是，“倒霉孩子”单纯就是“坏孩子”的意思。所以，你做了让人不愉悦的事情，对方说“不吉”，不是说你的行为能够带来厄运，而是单纯想表达，你这是不好的行为。“入乡随俗”的深层含义是，尊重当地多数人的习惯或喜好。不能插筷子的观点不是你老妈发明的，她也是遵照了你们当地习俗，你插筷子是你的自由，但是自由是有代价的，在家插筷子，你老妈可以不管你，然后你养成习惯，在你们当地用餐也公开这么做，就可能会招致周围人的反感。至于，这件事情上到底要不要尊重你们当地习俗，改变自己的习惯，或者照顾父母的感受，牺牲自己的自由。这个你自己选择，你非得这么干，我觉得，除了你老妈，别人还真懒得管你。我始终在强调，独立思维、自由意识都是很好的东西，每个人都应该保持，但是，思想是思想，行动是行动，是不是要将个人思想付诸于行动，去挑衅一个地区多数人的好恶，那就是另一回事了。我在阿拉伯国家不吃猪肉，我尊重当地习俗，并不代表我认可ysl教义，我尊重周围大多数人的忌讳，并不代表我丧失了独立思想。一个人完全可以在保持自己独立思想的同时，尊重，或者迁就他老娘“不要在饭上插筷子”这种忌讳。你跟你老娘用餐的时候让着她一会儿，等你回到自己家，自己做饭自己吃，关上门来，左手拿饭碗，右手拿筷子，只要饭受得了，你随便插，插到爽……我想题主该不会还没有自己的房子，还在跟父母一起住，吃着老娘做的饭，拿起筷子插饭，放下筷子那骂那啥吧？题主说，某些人不允许筷子竖插在米饭上，就跟msl不允许吃猪肉一样。是的，逻辑是一样的。区别是，这里是中国，吃猪肉是我们的传统，是默认被允许的，你如果在阿拉伯国家，特别是吃猪肉违法的阿拉伯国家，当着别人面吃猪肉，还叫嚣不许吃猪肉是封建迷信，挨了打我也敬你是条汉子。对msl唯唯诺诺，气自己老妈拳头倒是硬的很，一口一个迷信糟粕，一口一个封建陋习，这算什么英雄好汉？假如你老娘奉行包办婚姻，你谈个女朋友，你老娘非逼着你俩分手，我特别鼓励你跟他斗争到底。我从来不反对进步青年跟传统陋习拔刀，前提是你得是进步的。请问，挑衅所在地区多数人的无害习俗：在饭里插筷子，这个行为哪里进步了？饭里插筷子，这种做法只是你的个人行为，而本身没有任何进步性可言，道理很简单，满碗的饭你能插筷子，等吃了一半，饭浅了，筷子就插不住了。吃饭时面前竖着两个竹签子也容易发生危险，一个不注意，把筷子碰倒，碗里的东西溅的到处都是。把筷子插饭里，从始至终都不是一个安置筷子的可行性方案。中国人不是傻子，筷子作为一种使用几千年的餐具，假如在饭上插筷子是一种卫生、便捷的好习惯，古人不可能把这种方法留给死人而禁止活人用。你和你的家庭，乃至整个社会，花费巨大资源以及精力让你接受高等教育，开阔眼界，接触新鲜事物，保留独立思想，培养逻辑思维，是为了让你做一些真正有意义的事情，而不是让你在自家的餐桌上，欺负一个可能初中都没毕业的小老太太。老年人总会有一些与人无害，却又几乎没有积极意义的固有思想，照顾或者体谅这些思想的背后，是一条很现实的逻辑：每个人都会变老。你目下可能是一位眼界开阔，思想前卫的新新人类，但是你也有老的一天。你酣畅淋漓的打一场枪战游戏活到了最后，屏幕上的“大吉大利，今晚吃鸡”让你感到心情愉悦，你深深的认为这是最新潮，最爽快的娱乐形式，可难保几十年后的年轻人不会觉得“大吉大利”本身就是愚昧的迷信糟粕，然后在网上吐槽：如何看待00后老人进行有封建迷信色彩的电子游戏。真心希望到时候你能如今天这般强硬到底，而不会感到哪怕一丝丝凄凉。你可以把生活过成辩论场，然后把你老娘当成对方辩友，往死里杠，但是你心里得明白，你老娘可能没我会讲道理，没有我牙尖嘴利，但是真出了事儿，她才是内个真正向着你的人。至于现在上千条回答、评论里，那些劝你不要插筷子的人，跟那些鼓励你插筷子，并且跟你老娘刚到底的人，谁是帮你，谁在害你，你得想清楚，要连这都想不清楚，那你书真读到那啥里面了。,"习俗,调查类问题,科学,无神论,封建迷信"
li-xing-6-47,赞同了回答,1591753286,2020-06-10 09:41:26,1249707919,有什么适合情侣约会的活动？,最近小犀闺蜜谈恋爱了，老是跟我发愁说，约会不知道干嘛。热恋期还好，可是到了后来，新鲜感过了，就会觉得约会好没意思啊。其实，除了吃饭、看电影，情侣之间当然还有很多有趣的事情可以一起做！！！小犀带你走一波～1、一起拍照每天都用心搭配情侣装，不要完全一样的那种，而是颜色、元素一致的，然后拍照记录。2、一起游泳正值夏季，男生可以带女生去游泳，往她身上泼水，手把手教她学游泳，也是一种小情调呢~3、一起去看午夜场电影看午夜电影，人少很安静，有不一样的体验，但是别乱来哈 ～4、一起去买菜买回来之后，两个人可以一起收拾，然后做一顿饭，也许有各自拿手的好菜，相互品尝对方的手艺。5、一起骑单车在夏风徐徐的傍晚，可以骑着单车在城市的街道上随意逛，想去哪去哪，感受在风中奔驰的快乐。6、一起看星星如果天朗气清，找一个可以看星星的地方，搭一个帐篷，两人一起数天上的星星，从诗词歌赋谈到人生哲学（电视剧里的浪漫，你值得拥有～）7、一起去逛超市两个人一起去超市大采购，你推着车，我选着东西，买喜欢吃的零食和需要的生活用品，甜蜜就在这些日常中。8、一起养宠物不要小看一只萌宠在家里的地位，它在情侣间中可是绝对的爱情润滑剂。两个人一起给宠物起一个可爱的名字，在约会中创造一些与宠物玩耍的时光，也超级甜蜜哦~9、一起逛宜家那些单暖色调的家居，总是会让人产生幸福感。两个人在逛的同时，可以计划一下以后房子装修成什么样子，想象着这个家是多么值得期待的事情。10、一起发呆在某个慵懒的午后，彼此依靠，茶几上放着两杯咖啡，什么都不做，就这么静静地待着，也会感到相当满足。以上这10件事情，约会的小可爱们可以试一试哦~其实，小犀觉得，相爱的人在一起，做什么都是幸福的，你说呢！以上想要了解更多和结婚相关有趣好玩的事，欢迎关注【婚礼纪】喜欢小犀的分享，不要忘记给我戳个爱心赞呦~婚礼纪,"活动,恋爱,约会,恋人"
li-xing-6-47,赞同了回答,1591751849,2020-06-10 09:17:29,1249613730,刚上班两个月，发现周围的同事都辞职了，我该怎么办？,哈哈哈，谢谢邀请，这个问题我正好遇到过。我刚到一家公司的时候，周围的同事怨气好重啊，也是一家教育公司，年轻人很多，而且有个传统，每次有同事辞职，大家都要去吃散伙饭，我每周都能吃2-3次，我都要崩溃了。然后我旁边的同事，也整天负能量很重，自己的工作压力也挺大的，是写文章，每天要等老板的反馈，才能下班，一般都要等到凌晨，才有回复。不到一个月，我也提出了离职申请。可能是因为自身和公司匹配度比较高，老板把我调了位子，调去老板旁边坐了。然后半年之后，因为自己挺努力的，连续两次升职加薪，最后做到运营经理的位子。（评论中有同学质疑我的故事太励志，感觉不真实，哈哈，事实请看下图。一周工作7天，凌晨2点都跟老板讨论工作上的事情，进公司之前毕业就在职业教育领域创业，是这个领域最早的入行者，在公司早期创业时的各个方面我都很懂，加上自己的辛苦努力换来的，这也是为什么我是一个90后，敢自己出来做独立咨询师，自由职业者。靠实力说话。所以我要是当时也辞职，肯定不会有后来的故事了。――――――――――――――自己的故事讲完了，我们来看一下“周围同事都辞职”到底对我们来说意味着什么？职业发展，无外乎两大因素，外部和内部。一、同事辞职是外部因素，那对我们有什么影响？同事关系肯定是外部因素，他们辞职的原因各不相同，如果有1个同事辞职，觉得不足为奇，很多个辞职，我们心理也会有所波动。这是为什么呢？可能有以下原因：1）人走茶凉，意味着公司也快不行了？别人都不看好这家公司，所以是不是这家公司未来的发展就不好了呢？评判一家公司的标准到底有哪些呢？是发展前景，薪酬福利，还是工作环境，还是加班强度等等，人员稳定程度，这些因素和标准是我们最最在意的吗？*人员流动程度，在其他公司、其他行业是什么样的情况呢？这种流动较大的情况，是普遍情况，还是异常情况呢？如果对于外界评价公司的标准，有一个更客观理性的了解，可能会有不同的收获哟。2）人都走了，事情都堆在我身上，忙不过来人员减少了，但事情没有少，工作量骤增，工作压力很大。从楼主的问题内容来看，自己是新人，有些工作内容还没有上手，可能担心自己无法胜任接下来的工作。所以这个是对自我能力与工作要求的一种不能胜任的担忧。生活中有很多不确定性，职场更是。冲突和变化可能每天都会发生。我个人推崇的是，遇到变化，可以试着去试试看，而不是先打退堂鼓，变化更能带来机会，不尝试什么都没有，尝试的最好结果是有意外的收获，在短时间内有快速的成长，最坏的结果，就是什么都没做成功，但也收获了很多宝贵的经验呀。二、明确内心要的东西，才不容易被外界左右员工会纷纷离职，但老板、CEO会轻易离开吗？不会。一是因为老板投入的成本，二是因为老板的决心。老板在投入巨资开公司之前，应该是深刻思考过为什么要开，怎么样才能更赚钱，为自己创造更多价值。他如果不够坚定，轻易放弃，那么老板付出的代价也是非常大的。但是如果他足够坚定，足够投入，他获得的回报也是非常丰厚的。作为普通上班族，可能离老板的状态很远，但是却可以拿做老板的心态去工作，“把自己活成一家公司”我确实是当时把公司当成自己的公司在做，因为自己的热情和兴趣就在教育行业，这家公司想做的事情跟我想做的一样，所以在短期内可以快速升职加薪的。这种投入，收获最大的其实是我自己，成长非常迅速。在创业公司的2年时间，后来让我可以拿到美团大厂的Offer。能力上的成长，是自己的，谁也拿不走。内心足够坚定，足够清晰自己要的是什么，那么外界就像自己的宝库一样，对你来说都是资源，都是财富，为你而服务。内心不知道自己要什么，就会总是被外界牵着走，因为风吹草动而胆战心惊。成为自己生活的主人，为自己打工，让同事、老板、公司都成为你可利用的资源，为你的人生实现而服务。最后，祝职业发展顺利啦！更多职业规划内容，欢迎关注微信公众号：梦想咖啡屋,"职场,离职,辞职,换工作,同事相处"
li-xing-6-47,赞同了回答,1591692325,2020-06-09 16:45:25,1259248160,北京的男生是什么样的人？,回答会引起一部分人不适，请绕行。还有在评论区出口不逊和私信我乱骂人的一律拉黑删除举报三连，目前已经有好几个账号被禁言了。我真是服气了，我最近的私信简直是京骂大赏。我平时很少听到和见到这么地道顺溜的京骂，长见识长见识！有一些骂我很难听的逻辑也很有意思，说我和答案里提到的前两类人压根就不是北京人，居然有脸去评价后几类人。父母或者祖父母辈在北京工作扎根的后代，都被他们开除京籍了。我就笑了，那些个天天说着“北京的好工作好机会都被外地人抢走了”各种排挤和讨厌外地人的就是你们吧？这些人连祖父母、父母辈在北京扎根的二代三代都觉得不算北京人，那北漂们在他们心里是什么观感就可想而知了。这只能印证了我的说法，最讨厌外地人的北京人，就是后面几类。北京男生和北京男生之间的差异之大比堪比不同国家的人的差异，不能一概而论的。大体分为几类：大院子弟（包括各种部队部委等）高校/事业单位/大型企业子弟（各类央企、大型外企等）胡同子弟远郊区县有宅基地或者几代人住的老房子那一类拆迁二代（拆迁二代多出于后面两种）我小学在西城上的，周围男同学大多是第一类；中学在海淀中关村地区上的，所以周围男生大多是第二类，我对这两个阶段的男同学印象普遍都很好。努力上进，聪明认真，有教养素质高，后来工作以后，他们的职业发展也都不错，基本都分布在央企、五百强、大型互联网公司、券商银行等等地方。大学由于我高考考的不好，去的学校不是很好，周围北京人很多，大部分男生是第三四类，属于自己不努力学习，看你认真学习还要嘲笑你的。因为当时我一心要出国留学，知道自己本科学校不够好，所以大部分时间花在认真学习刷g点，考托福gmat，参加各种志愿者活动刷履历上了。我当时几乎天天去自习室，因为这个还经常被男同学们嘲笑，这在我中学时期是难以想象的事情，在中学不认真学习考试成绩差才会被人瞧不起。（在这里插一句，这也充分反应了北京内部的教育资源差异有多大，没混进东西海好学区，或者朝阳几所勉强入流的学校的话，重本率真还不如教育资源好一点的外地省份，想留北京的人要仔细考虑一下，如果是冲着北京教育资源来的，没有足够的能力杀进相对好的学区，可能最终教育效果和自己最初的设想会背道而驰）研究生如愿以偿出国留学以后，周围留学生里北京人又恢复成为第一二类。回国工作以来换了两份工作，周围北京本地男同事也大都是第一二类。虽然不想地图炮，但是我真不怎么喜欢后三种人，总体上比较懒散不求上进，工作能力不强，量化一下大概就是在北京这种地方，工作七八年月薪才勉强过万的水平。很多外地人对北京人的一些负面印象大概都来源于后面几类。我在知乎上看到过一些帖子，不知道是不是钓鱼，就是外地高学历女想留在北京，找了个北京土著专科拆迁有房男友，但是骨子里又嫌弃对方的很，觉得对方的思维和能力全都跟不上自己，不知道自己要不要继续下去。我每次看到这种问题都很同情提问的妹子，并且我的亲身经历让我完全理解一个高学历妹子嫌弃的点在哪里，我在这里也奉劝外地高学历妹子真的没必要为了套房子委屈自己，找个外地高学历男一起打拼，虽然物质上要延迟一点满足，但心情会愉快得多。至少未来在家的话语权会很高、和同样高学历男对于教育小孩的理念能比较一致。之前相亲也遇到过两个北京本地拆迁男生，两个人也都是一本学历，俩人都是工作年限比我多一倍，工资水平至少比我低三分之一。我想着毕竟学历也还行，家里不缺钱，所以不努力工作也可以理解吧。结果多出来几次发现他们身上那种懒散的性情真是深入骨髓，不仅仅体现在工作上，生活的方方面面都是这样，思维方式和对事物的认知和我差异真的很大。时时处处让我深刻感受到成长背景不同带来的三观差异，和他们沟通的顺畅程度完全不如和学历工作和我差不多、家境比我差点的外地男生。最后和这两人的相亲自然就不了了之。再说个例子，正好最近在看房子，但凡看过房子的人都知道，一个小区如果回迁户过多，是会严重影响售价的。比如潘家园的弘善家园，明明是三环，生生变成了三环价格洼地。其实说了半天，这些人的差距在哪里？差距的本质是父母所处的阶层。当然上面的分类我只提到普通人，没有提到顶级富豪和顶级红二代，我接触不到他们，不知道他们什么样子。北京是个阶级差异大的城市，所以造就了人和人巨大的差异性。―――――评论区杠精真多。上进努力就是奋斗逼？我对上进努力的定义其实很低，北京这城市消费不低，就算没有房贷，作为一个普通白领，过了三十岁至少挣个二三十万才能维持一个普通水平的生活吧。我说的不努力的男生，真的达不到这标准，工作七八年年薪二十万都没有。经常听他们抱怨女生现实势力，嫌弃自己挣得少，工资涨得慢，但是完全没有作出任何试图改变现状的行动，有的可能会心血来潮报名个考试刷刷证，但是停留在每次考试前三天看两眼书然后考不过，循环n年也考不出个p的水平。最后很多年过去了，薪水没啥涨幅，光涨年龄不涨本事，跳槽也找不到好下家，就这样蹉跎了岁月。最后会自我安慰“我佛系、低欲望、我随遇而安”hhhh，只是自己能力差不努力的遮羞布而已。别说他们家里有钱，他们家里很多最多就是没房贷，并不是手握n套房每月收租好几万那种。但是他们也安于这生活，以后有孩子上补习班估计都上不起。你要说小孩有父母亲自教就好了，不需要补习班，他们自己的水平怕是也教不了小孩。所以就“随遇而安”了。对不起，我自己，我圈子里能接触到的无论男女，都接受不了这样“随遇而安”的生活。,"北京,孝顺"
li-xing-6-47,回答了问题,1591692151,2020-06-09 16:42:31,1273294910,你刚做律师的前几年有多惨？,做律师那几年倒是不惨，就是实习期，当助理那两年挺惨的。刚毕业的时候，在一家大律师事务所实习，当助理，一个月工资是1500。当时我们所有一个行政主任，是我们主任的亲戚，每天要我们交工作日志，统计我们的工作量，他统计以后认为我们工作量不达标，就扣钱。1500的工资，当时说好了，是“底薪”，结果我们到手经常1200或者1300。虽然我是职场菜鸟，可是我知道的“底薪”不应该是“保底的薪水”吗？底薪还要扣？你经常扣底薪也就完了，差旅费也拖着不给你报销。我离开律所的时候，还有好几百差旅费没有报销，财务总是说主任没时间签字。刚来律所的时候，说是中午管饭，我们都去写字楼下食堂吃饭。那时候楼下是10块钱自助餐，一共10个菜，5个荤菜，5个素菜，米饭馒头都有，吃的还不错。后来，楼下食堂的自助餐涨到12一位了，主任就要求我们换地方了。我们在律所附近一家东北餐馆包伙，一桌做十几位，就四个菜，一个汤......我真的没见过这么抠门的，一桌子经常坐10个到12个人，一个大桌，中间就摆四个菜，你们脑补一下那个画面，谁要是吃饭慢一点，别人多夹一筷子，你就啥也吃不上了.......而且有的合伙人中午要加班的，还要叫助理从这四个菜里打包！我们也就包了一个月的伙，饭店不干了，说：你们中午一桌就点四个菜，还特么占我四个大桌子！没见过你们这么抠门的！所里干脆也不管饭了，中午就给10块钱餐补，你们爱吃啥吃啥吧！当时的物价，10块钱，刚刚够吃一碗兰州牛肉拉面。到了年底，我们律所在友谊宾馆开年会，我们主任这次终于大方了一次.......所里的优秀合伙人，每人奖励500元.....优秀律师，每人奖励300元....优秀助理，每人奖励100元.....我跟着的合伙人，也就是我后来的老板，上台领了这500，下来就甩给我了，说：小李，拿着买点啥吧~丢不起那个人！我们这些没有得奖的助理呢？当然，年底了所里也得表示一下，一人给了一小盒酸奶......对，就是这种小盒酸奶！元旦的福利......我后来离开这家律师事务所，也是因为当时这家律师事务所的主任犯了众怒，合伙人最后忍无可忍，翻脸了！我在知乎上写过，他总是各种理由卡合伙人和律师的收入，而且还手段特别不要脸。我们所的律师和合伙人的收入，客户打到我们所的账户以后，财务需要主任签字，才能把钱取出来，这个主任就说：我签字费就值你收入的30%，你要不给我钱，你就别想拿出来。等于说，每个律师的收入，交完税和所里的费用之后，还要单拿出30%“孝敬”主任，否则他就给你穿小鞋。还有更牛掰的。当时所里很多优质的客户，除了主任自己的客户，还有合伙人的客户。有些合伙人客户来北京肯定要来所里拜访一下，客户来所里了，我们主任肯定得出面接待一下吧........等客户一走，主任就找到合伙人，说今天你的客户来了，我出面了，我的出场费“30万”！（看到了吧！知道你们为啥穷了吧！脸皮不够厚也是一方面！）就因为主任实在太过分，很多合伙人都退伙了，而且还有一批律师和助理也走了。我估计也就是从那时，这家律所本来还在中国律师行业名列前茅，折腾这么一次以后，元气大伤。我是后来跟着那位合伙人走了，他自己跟几个关系不错的律师合伙开了一家律师事务所。刚开始的时候，新老板一个月只给我开2000的底薪，但是那真的实打实的是底薪，起码每个月能发齐，没有再扣过了，而且年底开始有奖金了，从那时候，我生活才开始好一点。我后来不做非诉了，去了证券公司。正好，我们公司前几天来了一个面试的哥们儿，我一看他简历，他也是这家律所出来的。面试完了，我和他聊天，我问他：你也是XX律师的啊？我也在XX律所工作过，那时候还是XXX当主任呢！他说：哟，那您是前辈了！我工作的时候，XXX已经不当主任了。我笑着说：哦！！！！！我说呢！看你简历，你在XX律所工作时候工资是月薪一万，假如XXX当主任，他怎么舍得给你开一万元的月薪，那不把他心疼得脑溢血啊！哈哈哈！有人好奇，问我以前那家律师事务所是哪一家？我可以透露一点，名字是Z字头。,"法律,调查类问题,律师,实习律师"
li-xing-6-47,赞同了回答,1591688872,2020-06-09 15:47:52,1273160929,我妈觉得律师只应该帮好人，怎么说服她？,为什么要说服，这世上好多没必要的烦恼都是试图说服。,"法律,律师,实习律师,律师行业"
li-xing-6-47,回答了问题,1591685294,2020-06-09 14:48:14,1273073186,为什么现在很多女孩不愿意和男生aa?,这个.....估计是被我惯的吧！,"情感,恋爱,AA 制,异性交往,恋爱消费"
li-xing-6-47,回答了问题,1591666545,2020-06-09 09:35:45,1272480014,如果钱不是问题，你最想去哪里旅行？,如果钱不是问题吗？那就躺在家里数钱啊~不出去了！,"生活,旅行,人生,钱"
li-xing-6-47,赞同了回答,1591601196,2020-06-08 15:26:36,1181583384,儿媳妇不孝怎么办？,很多大姑子小姑子发帖说兄弟的老婆不孝顺、不照顾老人、对老人不好怎么办。很多男人发帖说老婆对自己妈不好，不孝顺自己父母，对自家姐妹不好怎么办。从来，没有一个大姑子小姑子男人上来来发帖来问：自己妈不给弟媳或老婆带孩子怎么办，对弟媳或老婆不好怎么办？怎么就说儿媳妇不孝顺呢？咋不说儿子不孝顺呢？没儿子不是还有女儿吗？不能带去你家照顾，你可以来你妈家照顾啊。年轻的时候谁生的谁自己带，年老的时候生的谁就谁照顾,"家庭,家庭关系,家庭矛盾"
li-xing-6-47,赞同了回答,1591600948,2020-06-08 15:22:28,1269078401,你会删掉曾经的同学吗？,我是真搞不懂有些答主把一些十几年都不联系的同学留着就是为了有朝一日能利用的上，还舔着脸说这是纯纯的朋友情谊而不是利益，脸怎么这么大呢，你把人家当朋友了吗，十几年都不联系，一有事了想利用人家帮你，人家该你的？还美其名曰同学关系比社会上的纯！这么纯的关系你十几年不搭理人家，一有事就想找人家帮忙占便宜，反正这种人在我身边绝对算不上朋友，而且我还清楚的知道这种人在你不能被他利用后，会在你背后嚼舌根，说你不顾同学情谊，还会偷偷的把你删除掉。明明就是一套社会老混子的油腻面孔，偏要装什么人情冷暖同学情谊，真是令人作呕！请问你找人家帮忙靠什么维护这种十几年都不联系的“同学情谊”呢，那种随礼借钱脸皮厚的就甭提了，有高赞答主求同学帮你办事的，你十几年不联系舔着大脸空手就去找人家？自己怎么求得心里没点数吗？这跟社会上找陌生人办事唯一的区别就是你十几年前认识他，而你的同学也清楚的知道，如果不是他对你有用，再有10年你也不会联系他的，把这种关系叫做“朋友情谊”，您可真会给自己脸上贴金。,"同学朋友,大学同学,删好友"
li-xing-6-47,赞同了回答,1591600901,2020-06-08 15:21:41,1264211259,27岁，今年研究生上岸，有什么忠告可以给我的？,如果你是男生，27岁不算大，无论是埋头搞学术以后读博，还是疯狂刷实习，提前锁定好工作的坑位，都可以，锻炼好身体，熬夜能力跟20出头一样，公司不太会死卡男生的年龄。如果你是女生，读研期间要么结婚生子都搞定，要么就千万别结婚，对象也不要谈，无论是对导师，对面试官都要一口咬定，没男友，也不想恋爱，不婚主义、铁丁克！,"研究生,28 岁,大龄女硕士"
li-xing-6-47,回答了问题,1591600585,2020-06-08 15:16:25,1271215871,河北省的学生可以考外省的大学吗？求学哥学姐们回答？,你怎么会问这么奇怪的问题？,"大学,高考,河北省,沧州,河北高校"
li-xing-6-47,赞同了回答,1591599709,2020-06-08 15:01:49,1271180604,谈恋爱一年了，该走向婚姻么？,我是已婚。我和我老公谈恋爱半年订婚，一年结婚。当初结婚也是没有考虑很多，觉得就是这个人了，也不会再换了，早结晚结都是结，反正已经认定这个人了，就结婚了。一年不结也是正常的，但是三年五年不结婚的肯定是有问题的，至于是什么问题，影响因素太多了，这个没发准确的说明，结婚说是两个人的事，其实是两个家庭的事情。,"婚姻,恋爱,婚姻与现实"
li-xing-6-47,赞同了回答,1591598148,2020-06-08 14:35:48,1233421736,为什么我看到的被pua的女性都是高学历背景？,因为低学历的 没啥新闻价值同样是自杀，北大自杀就能上新闻 村子里文盲喝农药自杀，是没人关注的,"高学历,PUA（Pick-up Artist）,泡学网"
li-xing-6-47,赞同了回答,1591595653,2020-06-08 13:54:13,1259875817,是不是学历低的人，大概率素质也低？,从普遍性来说，是正相关的，但是从个体性来说，不具备参考价值,"学历,高学历,高学历就业"
li-xing-6-47,赞同了回答,1591583822,2020-06-08 10:37:02,1263500749,如何看待笑果文化回应卡姆吸毒：无限期停止卡姆所有工作？,后续很可怕：笑果全员沉默，李诞被喊话做尿检，池子发内涵图6月3日，通过《吐槽大会》名噪一时的脱口秀艺人卡姆被曝吸毒，从官方的行政处罚公示中能够看到，卡姆在今年5月1日因吸毒被行政拘留10日，其女友古莱也与卡姆一同被捕，为同案被处罚人。接着又有网友晒出截图，发现和卡姆一同被抓的还有李国庆、魏宇慧和陈扬三个人的名字，其中李国庆和陈扬疑为笑果文化旗下艺人。李国庆是编剧，为脱口秀演员撰写剧本，而陈扬则和卡姆一样是脱口秀演员。很快，6月3日下午3时许，笑果文化通过社交平台发出声明，表示将配合有关部门工作、尊重处理结果，以及无限期停止卡姆的所有工作。然而，卡姆被抓、公司发声明并没能阻止舆论发酵，笑果文化旗下的艺人以及网友们的态度都很值得玩味。其中最有意思的是笑果文化旗下艺人们的态度。卡姆被抓是在5月1日，大家每天在一起工作，其他人不可能不知道卡姆被抓，但都没有透露半点风声，公司也没有及时公开声明。而6月3日的声明中，“笑果文化在此代表卡姆向社会大众真诚道歉。”这句话表达出了笑果文化的立场，他们没向其他公司一样和劣迹艺人马上划清界限，而是像对待自己的孩子一样，站在卡姆这一边，替他接受这场舆论风暴；第二句是“无限期停止卡姆的所有工作，希望他能深刻反省。”这句话意味着笑果文化虽然短时间内不会让卡姆出现在公众面前，但并不会和卡姆解约，卡姆依然会是笑果文化旗下艺人。旗下艺人吸毒被抓不及时披露，被网友扒出另外两位艺人也疑似一同被抓但依然不主动承认或澄清，笑果文化是否在有意的包庇和纵容？这一点是值得思考的。把时间推回到2018年11月28日，陈羽凡被曝吸毒被抓，很快羽泉组合的另一位成员胡海泉就在社交平台发文，连用10个问号质问陈羽凡，表达自己的不解和痛心，而另一方面，这条内容也是在第一时间自证清白。尽管当时胡海泉的这条内容被网友吐槽，但他的目的还是达到了，没有网友质疑胡海泉也犯同样的错误。说回到卡姆，截止到发稿，距他被抓消息曝光已过去一天的时间，除了笑果文化的官方声明外，旗下艺人全员沉默，没有人发文表示遗憾和惋惜，也没有人出来自证清白，他们陷入了让人不解的沉默。这种沉默很奇怪，和卡姆一同站上《吐槽大会》舞台的李诞、王建国、庞博、Rock、程璐都保持沉默，其中Rock在6月3日晚还做了一场直播，而程璐在6月4日凌晨点赞了宝石Gem。他的社交平台下面有网友建议他和思文离开笑果自立门户。他们不可能假装视而不见，李诞的社交平台最新一条内容是透露在和戚薇一起录节目，在卡姆曝出被抓后，有大批网友在这条内容下留言，态度不一，有劝他离开笑果的，有讽刺他也快过气的，还有人喊话李诞通过验毛发等方式自证清白，好堵住各种揣测的嘴。而1月份离开笑果文化，并且和笑果官司尚未结束的池子，也成为大家关注的焦点。池子6月3日晚在社交平台上传了一张手绘抽象画，他已经连续多日坚持发布这样的抽象画了。图片发布之后，网友除了在这张图的基础上补充各种创意之外，也纷纷猜测图片的内涵，有网友猜测池子在“吃瓜”，也有网友解读为池子在暗示卡姆出道后的短暂生涯。不管怎么说，池子这张抽象图都无法和笑果文化如今的境地撇开关系，看着粉丝们的各种猜测池子在自得其乐吧！至于其中的内涵到底是什么，只有他自己清楚。其实在目前的舆论情况下，笑果文化应该拿出更加诚恳的态度，除了自查外，也要及时向公众和粉丝公开最新情况。而和卡姆一起工作的李诞、庞博、Rock等艺人，也应该想办法自证清白给网友和粉丝信心，至少应该发声表达立场吧！你们觉得呢？,"法律,娱乐,脱口秀,吸毒,卡姆"
li-xing-6-47,赞同了回答,1591578599,2020-06-08 09:09:59,1263678414,如何看待月薪三四千却觉得自己很厉害的人?,因为有些三四千工资的人真的蛮厉害的。一个小学足球教练，月薪4000，前专业青年队退下来的，出去帮人家老板踢一场一两千，水准很高，不厉害吗？一个东北公务员，司法机构，法学院科班出身，一般的case都能从头到尾把流程到资料包括如何整理思路，都弄得明明白白的，不厉害吗？月薪3500。一个三线城市的宠物医师，小诊所，月薪4500，小猫小狗的手术，上到骨折，绝育，下到打针除虫，都能给你解决了。不厉害吗？反观很多月入一两万的跑社会的，其实更多的在吃资源信息不对等的收入，并不厉害。,"职场,互联网行业工资,薪酬待遇,职场心理,工资"
li-xing-6-47,赞同了回答,1591577667,2020-06-08 08:54:27,1268422763,帝都生活成本有多高？,"说一下我家情况，中年人的典型，合计70-80万。1.房租，20万/年，相信北京不少人为了孩子选择租房，当然自己房子租出去也差不多,甚至略有盈余！2.阿姨4万，其实就是小时工，每天四小时,两个孩子，一个高中一个小学，接送孩子做卫生做饭!3. 两辆车，因为有一辆是公司配给老公的，不用花钱，另外一辆12年了，大概费用2万吧！4.教育费用20万，每个孩子每年10万，在北京的人知道，这个不算多，平均水平吧！5.保险费用7万，全家的大病险，也算比较省的。6.日常消费一年10万吧，我家吃的比较好，每个月水果2000，鱼肉蛋奶2000，其他零碎也得4000吧，反正每周1-2次超市，每次怎么也得500-1000，疫情期间都是1000以上。7.旅游今年省了，平均下来每年10万，全家四口随便出去一趟日本就是5万。能省下的就是旅游10万，我觉得北京消费贵就是房租和孩子，旅游今年省下了，吃穿用不怎么花钱，我们也买衣服，估计一年最多1万到2万，忽略不计！","北京,生活,北京生活,生存,北京买房"
li-xing-6-47,赞同了回答,1591577439,2020-06-08 08:50:39,1267264840,我月薪3000给我妈一千，老婆不同意，请问我做错了吗?,看到下面有人嘲讽知乎人均百万收入，嘲讽何不食肉糜的，真的，大可不必，真的不必要在知乎形成专门嘲讽“人均百万”的政治正确风气。我说过你要年入百万吗？现在有多少简单劳动力只需要你掌握最基本的技能，比如会开小电驴，就可以担任外卖员这种钱给的不算少，而且没什么太大难度的工作。一个月挣3000真的就是自己的极限了吗？还是那个小男孩的故事分享给大家，小男孩非要胡搅蛮缠拿2块钱买酒店，说这是自己全部了。酒店老板问他：“难道你连三块钱都没有吗？”“难道你自己的极限就是两块钱吗？”“难道你以后也没有信心赚更多钱了吗？”我这个人，讨厌毒鸡汤，讨厌资本家的洗脑，但是我也不认为一个月3000就是一个成年男性的极限了。如果你坚持认为这就是自己的最高能力，请再读一遍那个拿2块钱买酒店的小男孩的故事。真的，勤快一点，掌握一个简单技能，真的真的不止赚3000块的。自己否认了自己，自己都不相信自己，别人提出来还要嘲讽别人“知乎人均百万”。大可不必吧。以下为原回答：等会儿，敲到麻袋，你告诉告诉我你打算怎么样才能用2000块钱养一家的？这问题不是比例问题，不是说你拿出三分之一的工资给你母亲还债对不对。你要是有九千的工资，你拿出三分之一，还剩六千，完全够生活。这个时候我们可以讨论讨论这样行不行。关键是老哥你一个月就剩两千，养不活一家子呀，我的大兄弟呀。弄点副业，多赚点钱，再考虑一下你母亲吧，否则你都泥菩萨过江自身难保了。我的天呀。,"婚姻,家庭,矛盾,月薪"
li-xing-6-47,回答了问题,1591500109,2020-06-07 11:21:49,1268990654,你因为什么而隐瞒工资？,因为年薪不到一百万，说出来丢人啊！,"职场,薪酬待遇,工资,职场困惑,发工资"
li-xing-6-47,回答了问题,1591336547,2020-06-05 13:55:47,1265716353,不想要孩子，养宠物过一生，你觉得这条路怎么样？,挺好啊！最后连丧葬费都省了！,"宠物饲养,宠物社区,宠物"
li-xing-6-47,赞同了回答,1591255625,2020-06-04 15:27:05,1262428460,与前任复合最大的难处是什么？,抛开假性分手不谈，大部分人真性分手挽回不了的原因是接受不了已经分手的定局。与其说在挽回，不如说在劝对方别分手，对方不答应，就觉得挽回没可能。由于你挽回一个人没有“进度条”，大多数人无法忍受时间的煎熬和看不到希望带来的痛苦，过于急于求成，无法一步步走下去。我认为的难点主要有：第一：不缺乏复合的意愿和动力，但缺乏挽回的决心和意志力。遇到过太多想要挽回的人，无论他们求助的时候多么信誓旦旦，我都会心中对他们的热情打上一个问号。很多话说的越漂亮的人，做起来反而越容易放弃，遇到阻碍就退缩，三分钟热度的人居多。想坚持“复合”就太难了，对意志力的要求很高。大多数求助我的人，我都会给出建议，但通常只做到我建议的1/5程度，就像是苏格拉底留给他学生们的作业是“每天挥动一下手臂”，一年下来真正坚持做的只有柏拉图一个。挽回者，常常会有很多伤害意志力的小念头：我可不可以偷懒？前任是不是值得自己努力？为什么别人没有挽回？为什么努力了这么久还没有效果？为什么要用这样的方式来复合？有没有别的方法也可以复合？是不是在骗我？任何顾虑都会动摇我们本就不怎么坚定的信念，很多人会不由自主地倾向于选择一个省时省力的方法――“放弃”。我们很难凝聚足够的意志力支持我们挽回通常是因为看不到成功的希望，因为挽回没有进度条。参考建议：你的感受不会骗你，挽回正确的方向上你也会遇到很多阻碍，但不会无路可走。很多成功复合的人，他们也会经历这种焦虑、不安，伴随他们整个复合之路。我会建议很多人适当运动，保持健康合理的饮食。身体的健康程度也影响意志力的强弱。身体孱弱，产生爱情激素的能力也会下降。在身体准备好了挽回之后，我会让他们列一个计划。未来看不见，或者无法相信，那就让自己相信，让未来“显形”。不然整个人都会急躁或者懒洋洋的，即使是铁人也“懒”成废人了。我们可以把目标“细化”，转化为具体的东西，比如：人际相处。给自己一个目标，不那么惹人讨厌。参加活动，会不断遇到问题，总会有人讨厌你，因为你身上的毛病没有改变。不断社交能维持一个很好的意志力状态，不会再那么脆弱，那么想放弃。很多人想挽回的前任都是他们的初恋，根本无法鼓足勇气和信念去挽回，把他当成一个普通人，你会更容易相信自己能成功。第二：不懂两性相处的规律，缺乏恋爱经验。“老师，我为什么努力这么久，他还不愿意接受我？”10个求助我的人，至少有8个都是这么个意思，只是说法略有不同。我都会告诉他们，爱情有自己的规律，要找对方向。虽然他们大多都表示明白，但我知道他们都没明白。他们依然认为是自己不够努力，无法找到方向上的问题。即使有一些照着网上的攻略，做一些积极健康的事情，努力朝着复合而努力。但在前任眼里，挽回者往往都“只是从胖子，变成了灵活的胖子”。大多数的改善方法都没有错，但对复合没有绝对性的作用。前任看到这些“改变”，也不是看起来那样完全没有心理波动，但只有达到或者超出自己的心理预期，才会产生复合的念头。在被打动之前，意识到问题所在之前，前任冷漠太正常了。前任基本上都不会彻底拒绝曾经的恋人，但他们一定有关键的无法接受的地方，这是需要改变的方向。比如原生家庭，孩子长期缺乏正确的关爱，造成了缺爱又孤僻任性的性格。这样分手的表面的原因，很可能是：男生讨厌女朋友的作，忍受不了而提出分手了。但真正的原因绝不是“不会哄”，也不是要不要哄的问题，而是这种“高高在上”的态度，内心的不平衡，但男生一般不会说。这就造成了认清的障碍。又因为“趋利避害”的本能，不想让自己不那么坚强的内心受到伤害，会下意识推卸责任，不懂解决问题，越来越看不清方向。抱着这样态度找下家，往往会重蹈覆辙，反复被渣。参考建议：首先接纳你的“看不清”，因为性别差异，总有一些东西理解不了，做错就做错了，努力之后没有效果也不要担心。但你可以多思考你们曾经的经历，像放电影一样反思你们的相处细节，前任的态度。你一定能看到更多的东西，如果没有，直接说明你还没有认清问题。再想想你复合时候的举措，是不是又犯错了？知道错的地方也一定要改，两性知识也是很丰富的宝库，你愿意学习，很多问题就明白怎么解决了。恋爱中的理性就是找准方向，然后去努力。第三：知道了怎么做，但缺乏执行力。我给无数想要复合的人，进行过或多或少的指点。比如：控制联系、提升知识、管理情绪、有效沟通、适当沉默、及时关系升级。但执行效果很差，我一再强调，保持聊天上的距离，是为了让“火爆”的冲突尽量缓和，只是很多人忍不住。说了控制联系，还是频繁聊天；说了不要纠缠，还是偷偷纠缠。暗中在空间、朋友圈联系，或者发布哀伤的文章，我只能个四个字“掩耳盗铃”。我也以为大家都会很“乖”，没想到不是，让我很失望。其实挽回者大多数人心理都明白，知道自己错了，只是管不住自己。这点做不好，前两点大多也不可能做好。依然没有认清自己的目标，方向。然后意志力也薄弱，无法支撑自己落实复合的每一步任务。之前可能也列过计划，但绝对没有一步步“做好”。参考建议：执行力上不去，可以尝试“奖惩机制”，找人监管。比如没有控制住情绪，那就惩罚自己一周不能再找他；比如每天的学习提升没有完成，那就惩罚自己不喝奶茶……惩罚不是目的，只是一种手段，内在驱动力不足寻找一些外在的“力量”，也是一种明智的选择。复合是一连串的关卡，每个点都能卡死很多人，比高考时候一分一篮球场要残酷的多。但你做好了第一点之后，会越来越顺利，就像玩游戏熟了之后一通百通。和考试是一样的，“学渣”会说挽回成功率多低、挽回多难，你成为“学霸”后就会觉得so easy了。挽回也不是最难的，更多人怕的是复合后重蹈覆辙。所以关键仍在你要通过挽回找到更好的亲密关系相处之道，学会长期关系维护。你们不该担心回不到过去，应该担心再复合还是回到过去，再互相折磨、再分手。,"分手,前男友,前女友,前任恋人,复合"
li-xing-6-47,赞同了回答,1591255577,2020-06-04 15:26:17,1262515666,为什么有些人总是喜欢站在道德的制高点上来评论别人，而自己也不见得有多么高尚。?,"你是否强烈同意以下三点说法？当自己分享一个道德观点时，是为了：1、告诉别人我比他们强2、让不同意我的人不爽3、让那些持异见的人羞愧 全都选对勾的人，往往更容易陷入道德优越感。你身边一定有这些人，他们最爱说的话包括但不限于：孩子玩了一天累了，年轻人要懂得尊老爱幼，给我们孩子让个座吧；咱们都是亲戚，借你点钱还要还啊；你在北京这么多年了，借我10万块不算啥吧……道德优越感，有点像咱们平常说的道德绑架的心态，在道德相关的哲学著作中被定义为：“利用甚至滥用道德话语来寻求地位、提升自己或塑造品牌形象。”表面上看，站在道德至高点发表言论就像参加一场集体的道德狂欢，每个人都为自己内心澎湃的道德感激动，或是享受独自道德觉醒的快感，坚信表达自己的道德观念能让这个世界变得更好――但许多时候，真不是那么回事儿。有时候人们发表观点只是为了展示自身社会地位，为了在同辈面前露一手，或者利用公众对一些道德话题的关注，给自己营造一个高尚的道德形象。记得几年前看过一个真人秀，一位女孩从小就被父母送养，然后节目组将女孩的亲生父母请到了节目现场，要她现场和抛弃自己20多年的亲生父母相认。女孩当场拒绝了。然后主持人就开始发动道德攻势说：“难道叫一声爸爸妈妈对你来说这么难吗？”指责女孩心胸狭隘，不原谅生父母，是尖刻的女人。你说，人的这些道德优越感，都哪来的呢？道德优越感是怎样产生的？为了弄清楚道德优越感的作用原理，学者格拉布、贾斯汀・托西和布兰登・瓦姆克、A. Shanti James、W. Keith Campbell，通过6000多名参与者、6项研究(包括2项全国代表性样本的预登记)、2项纵向设计进行了实验，结果表明：1、道德优越感强的人经常在网上攻击他人，公开羞辱某人。也就是人们常说的“键盘侠、圣母婊”。2、道德优越感强的人可能会因为一些道德争论和身边人起冲突，甚至失去朋友。3、道德优越感强的人，自恋倾向也高，倾向于把追求社会地位作为基本动机。研究证明，自恋能正向预测道德伪善，而且在低辩证思维水平下，自恋水平能正向影响道德虚伪的水平。也就是说，人们之所以喜欢在网上展现自己的道德优越感，本质是为了让社会认可自己。用邓宁-克鲁格效应 (Dunning-Kruger effect)解释就是，知道越少的人，反认为自己知道的越多，越容易夸大自己的能力和知识的人，越难辨别错误行为。能力欠缺者们沉浸在自我营造的虚幻的优势之中，常常高估自己的能力水平，却无法客观评价他人的能力。道德优越感强的人可能会陷入封闭思维。比如惠灵顿大学 (University of Wellington) 的一项研究表明，有 80% 的司机认为自己高于平均水平――这和在社交网络上表达偏见的人是同一个逻辑，把封闭思维当成绝对真理。当你上网冲浪时，可能遇到过一上来就很激动的喷子。有的人刚开始只是潜意识想表现一下优越感，但是急着证明自己在某个领域的主导权的时候，可能会做出颠倒黑白的事。而且这些人往往感觉以自己的道德水准，够资格去评判别人，哪怕语气激烈了一点。心理学里有一个“道德执照效应”，简单地说就是：当一个人觉得自己行了善事之后，他就会获得一种道德优越感，仿佛取得了一种“道德许可证”：“我可以在其他事情上放纵一下。”正如莎士比亚所言：“带着虔诚的面容和虔诚的行为，我们在魔鬼身上撒糖。”道德优越感两大来源：支配和威望格拉布和他的同事们研究发现，人追求社会地位主要是通过两个途径：支配和威望。同理，对道德优越感的追求也可以由这2个途径实现。1、通过支配他人满足自己对社会地位的需要，以此来获得道德优越感：研究人员发现，人们除了想要在日常生活中获得真实的社会地位，也想在热点事件中展现自己的社会地位，一个常见的方式就是，通过对热点事件发表观点，来展示自己的社会地位。“当我分享我的道德信仰时，是为了向那些与我观点相悖的人证明我比他们更好。”2、通过展示个人威望，树立崇高道德形象，来满足自己的道德优越感：“我想站在事实这一边！”“如果我不发声，其他人就了解不了真相！”“我分享自己观点可以激励到大家啊！”临床心理学家乔舒亚・格拉布指出：道德优越感特别强的人表面上看在排除异己，实则在寻找同类。看似在攻击异己，实际上是在寻求同类的认可。“也许，我们之所以看彼此不顺眼，是为了向那些真正和自己志同道合的人炫耀。也就是说，有时我们表现不好是为了获得同类人的尊重和敬佩。”当对线双方是明星粉丝的时候，维护群体的道德制高点就成了当务之急，甚至不惜自己也破坏道德准则。2011年，欧洲社会心理学杂志发表的一项研究发现，道德优越感会影响群体成员对群体内违规行为的容忍度。并且道德优越感越强，群体认同越高，对群体内违规行为越宽容。这也是为什么两种对立的观点下都有各自的回复和点赞，排挤对方阵营，实际上还是为了获得同一阵营里人的认同，而一旦发生矛盾，就更倾向于包容“己方”的错误，把错误都归咎到 “敌方”身上。道德优越背后的英雄情结和发泄心理许多人的生活压力太大，时常有被剥夺感，内在滋生了不满情绪，表达渠道又不是很畅通，就把怒气发泄到网上。原因之一，相比大吃一顿、出去旅游一类的发泄方式，道德上谴责他人是一种低成本的、非常隐蔽的发泄渠道。研究表明，面对社会突发新闻时，社会群体往往存在借机发泄、表现欲、英雄情结、盲目从众等心理。个人进人群体后，总会有各种各样的表现欲，评论社会公共事件刚好是一个发挥表现欲的时机。躲在屏幕背后的那份安全感，让羞于表达的人也获得了畅所欲言的勇气。即使是现代技术给人和人之间造成了一些疏离感，渴望群体生活仍然是人的本能需求。那些平常不敢说的话，反而敢放到网上大谈特谈。但现实往往更复杂，就像贝特朗・罗素说的：“我们这个时代让人困扰的事之一是：那些对事确信无疑的人其实很蠢，而那些富有想象力和理解力的人却总是怀疑和优柔寡断。”其实很多社交网络冲突都是可以避免的，比如发评论之前先扪心自问下：“我真的认为这项事业/想法/信仰很有意义吗？还是我主要是为了在这件事上占有一席之地，为了驳倒那些与我观点不同的人？”如果发表评论时怀着“希望自己显得善良”的目的。那么很可能这样的道德评判只是出于一种利己的、谄媚于自己的心态。很多人根本没有仔细了解自己评论的新闻细节，无法说清自己参与该事件的目的和动机，而只是“看着别人骂两句，我也要跟着骂两句”。这种从众心理可能会使一个极小的事件在很短时间内登上热搜，掀起舆论旋涡。一两句吸睛评论有时也能获赞很多，但是当一个人只能通过这种方式刷存在感的时候，可能很难获得个人幸福和快乐。毕竟，真正的道德感恐怕不是站在制高点评论别人，而是让事情向更好的方向发展。可以肯定的是，我们对高尚道德、对自身存在感的追求本身没有什么错，前提是能自己调节好这些欲望。必须接受的事实是，只要活在这个世界上和不同的人打交道，就有可能遭遇各种道德优越感引发的论战、各种各样的键盘侠和杠精。然后你就有3个选择：1、屏蔽对方，井水不犯河水。副作用是时间久了容易闭塞，活在自己的小圈子里，不断信息自证，容易陷入自嗨。2、死磕到底。但道德制高点上的争论没那么容易，1个回合可能不够，还可能要搭进去20个回合的时间成本……3、不屏蔽，也不死磕，看了笑笑而已，让那些评论存在，看它还能怎么样，还能上天？不止键盘侠，每个人听另一个人讲道理，都有不想被纠正的时候。所以必须提醒你的是，交锋必然是辛苦的，附带成本的。而是否参与道德论战、去和一个陌生人讲道理，选择权，终究在你。本文系编译，作者Scott Barry Kaufman, Ph.DAre You a Moral Grandstander?https://blogs.scientificamerican.com/beautiful-minds/are-you-a-moral-grandstander/我们是简单心理咨询预约平台，拥有近900位海内外心理咨询师，只有约10%的申请咨询师能够通过面试考核；目前为止简单心理已为50万+人次提供了高质量心理咨询服务。寻找属于自己的心理咨询师，欢迎来简单心理咨询预约平台体验哦，戳这里「http://jdxinli.cn/wuli11」",道德
li-xing-6-47,回答了问题,1591237343,2020-06-04 10:22:23,1263480249,我们女人生的孩子就不能跟自己姓吗？,能啊！看过郑渊洁写的《皮皮鲁和鲁西西》吗？皮皮鲁就是跟爹姓，鲁西西就是跟妈姓啊！早就有了。,"法律,婚姻,生育,婚姻法,姓氏文化"
li-xing-6-47,赞同了回答,1591236694,2020-06-04 10:11:34,1262428922,都已经2020年了，女生到底该不该有婚前性生活？,没有什么该不该，而在于你能不能接受后果。人与人是不一样的，普通女性和白富美做同样的事，结局会完全相反。说那些什么性开放，大清已经亡了的玩笑话对你完全没有用，只会耽误你。你要了解自己的条件，如果你是家庭好，能力强，长相美的女性，你有资本去浪，有资本去性开放。但如果你是普通女性，家庭没什么可以给你，你长相和能力也不突出，你去学白富美浪，那结局就不太美妙。这世间想要有好结果，是要付出相应的代价的。比如想考好的大学，想找份好工作，想要条件好的伴侣......这些都必须靠自己付出努力才能得到。打个比方，你，学霸，学渣，都在想上清华北大。但学渣逃课出去玩，学霸上课玩手机。你看到学霸、学渣都这样认真上课，你也学他们放松不听课，学霸、学渣都不紧张，你紧张什么呢？结局就是学霸快高考了，复习几下就把功课补回来了，考到了清华。学渣有他家里帮忙，读不了清华北大，但去了其他重本大学。只有你，没有家庭帮助，也没有能力，学他们放飞自我，结果连三本都考不到。这样的结果，你能接受吗？大部分的女生只是条件普通的女性，并没有太多的资本去挥霍，你的条件60分刚及格，一浪就会掉到及格线以下。当你手里没有王牌的时候，剩余的每张牌都很重要，不要轻易打出你仅有的牌。,"婚姻法,婚前协议,婚前财产"
li-xing-6-47,回答了问题,1591234599,2020-06-04 09:36:39,1263393312,你觉得工作是开心重要还是钱重要？,我们公司就体现这个问题了。我应该是我们部门上班最不用心的了，一不太忙了，就玩玩知乎，写写文章。我们部门的副总，那是应该是我们部门最勤快的，不是在工作，就是在学习。因为他家是农村的，政法大学毕业，没关系，没背景，靠着勤勤恳恳工作和钻研业务，年纪轻轻就当了我们部门的副总，我心里那绝对是佩服的。每天他都是来的最早，工作到最晚，事无巨细，都要亲力亲为，感觉比我们老总都忙。结果，今年年终奖发了（公司都是第二年发上一年的年终奖），比前年发的少了一半（前年公司亏损，所以去年没发），而且去年公司是盈利的，超额完成任务。你现在再看看我们部门，一到下班的时间，包括我们副总，全都站起来，关电脑，走人，一个多加班的都没有。没钱，谁工作起来开心？,"薪酬待遇,职场心理,职场选择,工作选择,职场困惑"
li-xing-6-47,回答了问题,1591172275,2020-06-03 16:17:55,1262272482,维持婚姻最好的办法是什么？,讲个真事......哈哈哈，这事真特么是活久见，现在想想还一直想笑！我记得我在知乎上一个关于律师的问题里写过我一个同学的事，当时就把很多人逗乐了。我这个同学也是做非诉律师的，和我以前一样，我们做非诉的律师，最大的特点就是经常出差。那时候真的不夸张，一年12个月，我们起码有7、8个月在外地出差。我这个同学更要命，接到一个企业破产清算的项目，做破产管理人，这种项目，一般周期一两年下不来。我同学当时为了这个项目，就常驻沈阳了。他们律所给他在沈阳租了一个一居室，当办公室和宿舍，他就在那里盯着这个项目，一盯就盯了好长时间。我这个同学在沈阳人生地不熟的，实在无聊，就在QQ聊天室里钓妹子，没想到还真的钓到一个！俩人聊天，彼此感觉不错，就决定约着见面。在一个阳光明媚的周末，俩人约在咖啡厅见面了，见面以后，就对上眼儿了，很快就确定了关系。俩人确定了男女朋友关系，相处了一年多，该办的事都办了，女孩也有心以身相许了，还给他买了婚戒，可这时候，沈阳这个项目也接近尾声了。我同学也是思来想去，最后还是决定回北京吧！于是，我同学就跟那个女孩提分手了，把戒指还给她了。人家女孩不干啊！你特么该吃吃，该喝喝了，不负责，一抹嘴就要走？！于是就哭闹着，就是不同意分手。结果，我同学被这个女孩的哥哥带着人，堵到出租房里，劈头盖脸得一通暴揍！我同学回北京以后，就辞职了，坚决不再做非诉律师了，去了一家外企做法务。当时有知友问我：这也太搞笑了，后面他还有别的经历吗？当然有！比这个还狗血！我同学回到北京，也就半年多吧，那天他在QQ群里给我们发信息，说自己于几月几日在某某酒店订婚，请大家到时候来捧场。我们就在群里调侃他，说：你这回来半年就订婚了？你这刚挨完揍，这是被打上瘾了！哈哈哈！他被打这事，我们这帮狐朋狗友都知道。因为我们大学法学班里，大概有这么7、8个男生关系最好，我们自己有个群，平时就在群里讲点额勒金德的玩意，要不就约着一起喝酒。他从沈阳回来那天，我们给他接风，发现他脸色不对，问他怎么回事。他就把自己在沈阳的遭遇都说了。然后我们就笑得差点钻到桌子底下去！我们都一伸大拇指，五体投地的说：牛X！你丫太牛X了！我们都说，你怎么都把那个姑娘给始乱终弃了，你挨顿打也不冤啊！我要是她哥哥，应该把你给咔嚓了！我同学在群里说，他和这个要订婚的女孩是经人介绍，相亲认识的，都在北京工作，已经认识了两个多月。也是不巧，就前段时间，我同学的爸爸身体不好，要做大手术。他爸爸就对我同学说，你要是觉得这个女孩差不多，俩人就把婚结了吧，万一自己有什么不好，也算看见自己儿子结婚了。这么一说，我们就理解了，也是为了尽孝，于是我们纷纷表示那天一定到现场。订婚宴是安排在大兴区一个酒店里，那天我们哥们儿几个全到了，算是给足了面子。我同学是湖北人，他未婚妻是我老乡。那天一见到他未婚妻，说实在的，长得真的不好看，五官也不算精致，脑袋和身材的比例也不是很协调。当然啦，毕竟人家的媳妇，人家喜欢就好嘛！后来，俩人就回湖北老家领了结婚证，把婚礼也办了。结果，他这一结婚，就算彻底上了枷锁了，我们没事喝酒撸串，就再也见不到他了。因为他媳妇管得那叫一个严啊！平时没事就不许他出门，跟我们喝酒也不行。有天晚上，我们就在他家附近撸串，给他打电话，他接了，我们就叫他出来喝酒。他说不行，他要是出来的话，他老婆又要跟他闹了。我就对他说：你傻啊！这还不好解决吗？你把嫂子一起叫来，不就行了！没一会儿功夫，就远远看见他和他媳妇走过来了，俩人一边走还一边吵架。其实我们早看见了，他媳妇以为我们没看见，快走到我们大排档的时候，突然俩人就不吵了，他媳妇跟变脸一样，装着特热情的样子，说：哟，你们都在呢！我另一个同学说：嫂子，难得见到你一回啊！平时叫他，也叫不出来。我同学媳妇说：咳，平时他就爱在家呆着，我都让他出去走走，他就是不出去.....我同学斜眼看了他媳妇一眼，脸色都不对了。我们在一起坐了一会儿，喝了两杯酒，我同学媳妇估计我们也不会干什么坏事，就站起来，说：我回家了，你们继续喝吧！都早点回家啊~我说：放心吧，嫂子！我们聊一会儿就散了。等他媳妇一走，他立刻翻脸了，一拍桌子，骂道：妈的！神经病啊！天天跟狗似的，看我看这么紧！我另一个同学说：哈哈哈，有这么个好媳妇你还不知足啊！这么依赖你，多幸福~我同学说：幸福个鸟啊！你是不知道，她看我多严！她规定我回家一定要多少时间，只要我一超时，回家就跟我吵！我说：我的天啊~不是，你是有钱啊，还是长得帅啊？还怕路上女流氓劫你啊......我另一个同学说：我觉得嫂子实在是有点低估了现在女孩的品位.......我们喝到10点多，他媳妇就开始一个电话又一个电话催他回家，他烦了，站起来，说：艹！不喝了，我回家了！我们也不留他，都说你还是早点回去吧！别找不自在！他走了以后，我们几个一直喝到凌晨才散伙。第二天早上，我还在睡懒觉没起来，我手机就响了，一个陌生号码。我一接电话，就听见我同学媳妇劈头盖脸就骂上了：李XX，你说！你把我们家李X弄哪儿去了！给我弄哪儿去了！！！我刚睁开眼，脑子还懵逼呢，不知道出啥事了，就说：你是谁....哦.....嫂子啊！哎？你咋会有我电话啊！我没给过你号码啊........李X在哪儿？我特么哪儿知道他去哪儿了！他10点就走了啊.....我后来才知道，他媳妇为啥会有我电话。他媳妇翻他手机，把我同学手机里所有她不认识的联系人都记下来了！那天，我同学媳妇找不到我同学，她就把这些号码挨个打了一遍。也是很有心机一娘们儿啊！那我同学到底去哪儿了？原来，我同学那天走了以后没回家，越想越憋气，就把手机关机了，找了一家KTV，唱了一晚上歌，然后在包厢里睡了一晚上。我算是服了，夜不归宿，又关手机，这是吃熊心豹子胆，准备要造反了！估计我同学也是破釜沉舟，爱咋咋地，跟这个娘们儿就是死磕了！第二天早上，也就是他媳妇刚给我打完电话没多久，他就回家了，两口子果然又是一顿争吵加王八拳，听说最后还打了110.....说实话，我都有点同情我同学了，不过谁让他那么着急就许配人家呢，也没有好好了解一下。又过了一年，俩人有了孩子，生了一个女儿。我们当时就想，俩人都有孩子了，那应该关系能缓和一点了吧！咳，没想到是还闹出来一件事，把我们这帮同学都卷进去了，真的闹了一个鸡飞狗跳！―――――――――――――分割线――――――――――――我同学跟他媳妇有了一个女儿以后，关系缓和了一段时间，起码有两三年时间吧，虽然偶尔能听到我同学在抱怨，媳妇还是管的严，但是也没发生什么双方动手、抄家伙的事。但是后来发生的一件事，那真的闹得谁都不得安宁！那是快过年的前几天，因为我们非诉律师不用坐班，假如年前没有项目进行，那就可以早点回老家了。正好，我当时手头没有什么未完成的项目，就打算提前几天回河北。这天我正在睡觉呢，我本来计划起床以后，把家里打扫一遍，然后第二天坐高铁回去，可是我还没睡醒呢，我同学的电话就来了。我接了电话，他问我：你在家吗？我说：在家啊！他说：我一会儿过去找你，你别出门。我说：哎？你大早起来找我，今天不上班啊？我同学没说话，就把电话挂了。我琢磨了一下，突然睡意全无，准是跟老婆吵架了，跑我这里来躲清静了。我拿手机，在群里发了一个信息：紧急情况！鸡二大早起要来我家，应该是和媳妇吵架了，一会儿就到！我解释一下，我们这帮同学都有外号，我这个同学的外号叫“鸡二”，其他的哥们儿的外号还有：猥琐男、鸡大、鸡爆、贱二、屎男、鞭二、死胖子、撸爷，还有渣二！怎么样？是不是一个个名字都特别诗情画意？我也不知道这些名字都怎么叫出来的，反正时间一长，大家都叫习惯了。呃.......那个渣二，就是我的外号，但是请不要误会，这个“渣二”和“渣男”没有关系。鸡二，就是我这个同学的外号，以后就直接叫外号吧！我在群里发了这个信息之后，群里立刻炸开了，纷纷表示：请继续直播，晚上我们去你家了解情况！鸡二他家其实离我家地铁只要四站地，一会儿就到了。我一开门，发现他还拿着行李箱！我艹！这特么不是来躲清静，这是离家出走了！我生气的说：你这是要干瘠薄啥啊！打算搬我这里住啊！鸡二说：我就住几天，过几天我就回湖北老家了。这次不是离家出走，我是要离婚！坚决离婚！我走之前，已经把离婚协议书放桌子上了。我听完以后，吓得出了一身冷汗，说：鸡二啊！我叫你一声哥！你就别给我找麻烦了，你要离婚就离，你跑我家来干嘛？你媳妇要知道我收留你，她非得把我当饺子馅给剁了啊！你媳妇我真的惹不起，你就可怜可怜我，去别处吧！鸡二说：我不敢住酒店啊！没办法，我住酒店怕她报警找到我在哪儿呢！她公安局有熟人.....我哭笑不得，说：就你这俩破胆儿还敢离婚呢？！你就应该住酒店，找个五星级的.....你想啊！这钱你要是不花，将来离婚了，不是也得让你媳妇给分了嘛！还不如死之前享受享受。鸡二说：我也就住几天，我回老家的票都已经买好了。我一失踪，我媳妇肯定第一个想到我回老家了，我先消失几天，等她找不到我，我再回老家。我说：我明天就回河北了....鸡二说：没事，你把钥匙留给我，等我回老家了，我把钥匙再给你快递回来。我真的特么无语了！那怎么办呢？人都来了，轰也轰不走！我说：行吧....那能怎么办呢？对了，你来也别白来，交给你个任务，去厨房把我家抽油烟机给擦干净，还有煤气灶，一起给我擦了。反正你也不走，不用白不用！鸡二倒是听话，把行李放好，脱掉外套，撸起袖子就进厨房了，突然他扭头对我说：哎，你有旧手机没有？我这个手机关机了，我买了一个新号码....我笑着说：我艹！看来是处心积虑很久了啊！你等着........我还有个诺基亚的旧手机，还是塞班系统的，拿出来给他了。接着，我就在群里发了信息：有新情况，这次鸡二不是简单的离家出走，而是铁了心要离婚了，为了躲避他媳妇的迫害，暂时在我家躲避。立刻，群里比刚才更热闹了，都纷纷表示“鸡二威武！鸡二牛B！鸡二终于雄起了！”都说晚上一定来我家支持鸡二！上午我们俩把家都打扫完了，发现俩人干活就是快，本来一天的活，一上午就完成了。中午，我跑我们小区的饭店，打包了几个菜，又买了几罐啤酒。我俩吃着、喝着，我就问他为啥这次铁了心要离婚啊！鸡二就把事情跟我说了，我听了也是觉得真心受不了了！鸡二的媳妇，不但对他管的严，而且疑神疑鬼近乎变态了。这不是快到年底了，鸡二的公司就包了一个酒店的大宴会厅开年会，因为鸡二公司人比较多，整个大厅都坐得满满当当。也是巧了，鸡二部门刚来一个实习的女大学生，年会那天正好来晚了，宴会厅人特别多，她找不到他们部门在哪儿，就给鸡二发了一个短信，问：李哥，咱们部门在哪儿坐着呢？结果，就是这条短信，给鸡二惹麻烦了。鸡二的媳妇经常翻他的手机，那天正好翻到这条短信了，就怀疑鸡二和这女生有什么事，居然直接把电话打过去，对这个女生破口大骂！鸡二看到以后，就过去抢手机，他媳妇不给，俩人动起手来了！这一动手，鸡二的媳妇算是更相信俩人有一腿了，居然跑到鸡二的公司去闹事，堵到鸡二公司门口，骂那个女实习生是贱货，是狐狸精......这一闹腾，惊动了公司的主管，就把女实习生叫来，问什么情况？那个实习的女生很委屈，就跟公司主管里把事情都说了。公司主管就约鸡二谈话，说：你家里的事自己能摆平吗？你媳妇现在已经严重影响了公司的正常工作！你如果不能摆平，那你就走人吧！鸡二已经彻底没有了力气，就打算离婚。这天早上，趁着媳妇出去，他就把孩子送到姥姥姥爷家，然后收拾好行李，就跑我家来了。我听完以后，也是一声叹息，虽然清官难断家务事，可是媳妇要总这么闹腾，谁受的了啊！到了晚上，这帮贱人们全来了！平时这帮哥们儿约酒约饭，总有那么一两个说有事的，今天倒好，人特别齐！都本着关心鸡二，以及看热闹不嫌事儿大的精神，全都来了。我们找了一家火锅店，要了一个包间。大家听完鸡二的遭遇以后，纷纷表示，这事真的很难办，虽然劝合不劝离吧，可是都闹到这份上了，真的有点同情鸡二。撸爷就说了：你说你当初结婚就特别草率啊~认识俩月，才见几面啊，就把婚给结了，现在俩人有了孩子，这也不好离了吧！孩子咋办啊？鸡二说：我离婚协议书早写好了，孩子她带着，我掏抚养费。贱二说：鸡二，你说嫂子看你看这么严，是不是你也有啥毛病啊？你说实话，你和那个实习生真没事？鸡二气得说：我能有啥事啊！我媳妇把我回家几分几秒都掐那么准，我哪有空出轨啊！贱二说：那谁知道，没准你俩在办公室......我一推贱二说：你丫毛片看多了吧！那天晚上我们喝了很多酒，喝完以后又去KTV唱歌。鸡二点了俩妹子，在包厢里又是唱又是跳，一会笑，一会哭，还喊着：怎么地！老子今天就是出轨啦！怎么地吧！老子就左拥右抱了，怎么地吧！我们看着他，直摇头，唉，这孩子真的太可怜了......第二天，我把家门备用钥匙留给鸡二，对他说：小区里面就有超市，春节也不关门，你要想吃什么自己买啊！反正就是，千万别让你媳妇知道你在我这里，不然我家得让你媳妇拆了！鸡二说：你就放心走吧！鸡二是躲到我家了，他媳妇是真的疯了，四处找他！我们这帮鸡二的同学可是被这个娘们儿闹得鸡飞狗跳！她先去跟鸡二关系比较好的撸爷家找鸡二，没有找到，就坐在撸爷家哭，撸爷的媳妇看着她挺可怜，就一直劝，劝了好半天，才劝走。后来，她又去鸡爆家找，也没有找到。她又给我打电话，哭着说：兄弟，我真的找不到李X了，你知道他在哪儿吗？孩子天天哭着找爸爸，太可怜了.....我只能忍着说：嫂子，我真的不知道，我在老家呢！我很早就回老家了，您再去别处问问吧！我也替你打听着，一有消息，我马上通知你！放下电话，我气的骂鸡二，心说你非要跑我家藏着，你特么不是给我找麻烦吗？我这帮哥们儿里，就我和贱二当时还没结婚，自己住，鸡二的媳妇知道我回老家了，就认准鸡二在贱二的家，被贱二藏起来了，就打电话给贱二，让他交人！贱二也嘴硬，就说没见过鸡二，鸡二的媳妇居然说，如果贱二不交人，就在他家门前吊死！贱二气急败坏，说：好啊！你去吊啊！我看你能进得去我家不，你就是吊死也只能吊死在马路上，你掉死了也到省事了，鸡二也不用离，直接找个小姑娘直接就结婚了！贱二是我们哥们儿里最有钱的，他做贵金属投资，住在酒店式公寓里，就是北京大名鼎鼎的海晟名苑，那里安保很严的，他知道鸡二媳妇进不去，更别说家门口上吊了。我知道这事以后，就在群里说：鸡二，你媳妇可是闹得兄弟们都不得安宁啊！赶紧着，差不多就回老家，别总在我家躲着！我可不背这个锅~要离婚就直接摊牌，你总躲着，让兄弟们替你背锅，你他妈好意思啊！鸡二说：好了，对不起兄弟们了，我这两天就回湖北了，我的事自己解决。可是，第二天，我突然收到物业的电话。物业的工作人员说：请问您是609的业主吗？我说：对啊，怎么了？有啥事？物业说：您家被一群人把门堵上了，这群人还把楼道也给堵上了，邻居都有意见了，您到底有什么事没解决啊，你最好赶紧解决一下......啊？你麻痹的死鸡二，我艹他嘞！――――――――――――――分割线――――――――――――――更新之前，首先感谢法政系兄弟班的班长 、法政系学生会主席@马斯 前来围观我们法学班的八卦。你们知道法学班的班长是谁吗？呵呵，不才，正是在下。好吧，接着更新。大年二十九，接到物业的电话，我家门口被一群老乡给堵上了，而且我住的是塔楼，一梯十户，他们这一闹腾，打扰了邻居的生活，所以物业给我打电话了。我当时听完以后，脑浆子都快沸腾了！这特么是谁走漏了消息！我就在群里喊话：我家被人围上了！你们是哪个革命意志不坚定，威逼利诱下暴露了鸡二的行踪？赶紧出来承认！群里众琶欠追妆硎久挥兴担谁都没有说！这时候，群里的鸡二说话了：对不起了，渣二，是我给暴露了？我说：啊？你怎么会暴露的？你不是一直在家里没出去吗？你们猜是咋回事？说出来能让你们哭笑不得。这孙子那天不是走得急吗？也没带什么衣服和日用品，简单收拾一下行李，就跑来我家了。本着没事少出门的原则，他就在某东超市上，买了很多日用品（某东超市可以当天下单当天送达），下单以后，留的是我家地址。呵呵，你们肯定想不到，她媳妇连他在某东和某宝上的账号密码都知道！这姐们儿真的，不去干刑侦，真特么屈才了！结果，这样一来，她媳妇立马发现他在我家了，就跟她爸爸，带着一帮亲戚，把我家门给堵上了，连砸门再骂街，堵了一天，所以就打扰邻居了。我特么是彻底无语了，说：鸡二，你就从了吧！嫂子这本事能通天了，千年的狐狸，您斗不过的，你开门就跪下，兴许还能饶你一命！贱二在群里说：鸡二，你说一个人能被一群人堵到家里群殴，这事已经很难得了，你还经历两次？这说明什么？你五行欠扁啊！这就是你的命，你认了吧！鸡二在群里说：我特么受够了！你家菜刀在哪儿？我冲出去跟他们拼了！我说：你拉倒吧！别装蛋了！我钱包在哪儿你不知道，菜刀在哪儿你还不知道？肯定在厨房，难道在大衣柜里啊！你别着急，待我们商量商量。我突然想到一个办法，就给我们宿舍老三打了一个电话。老三接了电话，说：诶？你小子平时也不联系我？今天怎么会给我打电话了？我说：这不是快过年了吗？给你拜个年。老三说：你拉倒！啥事？快说！我说：你知道鸡二吗？他出事了！老三说：啊？咋了？出啥事了？我就把鸡二的遭遇跟老三说了一遍，结果把老三笑得上气不接下气，说：哎呀妈呀！哈哈哈....笑死我了！那怎么办？我说：这不求你来了吗？老三说：求我？我有啥办法？我说：你不是在良乡当狱警吗？你能不能穿着警服，到我家门口去，把他们都轰走啊！吓唬吓唬就行了。老三说：你拉倒吧！警服不能随便穿出去，这要是被举报了，我吃不了兜着走，这不行！再说了，快过年了，我还得值班呢！哪有时间管这破事！我说：不行啊？不行就算了吧！等我回北京，咱们约着喝酒。看来这个办法不行，我就在群里说：刚才想到一个办法，找我们宿舍老三。鸡二说：怎么？老三有办法？我说：有啊！我跟老三打过招呼了，你要是砍了人，进了监狱，他那边能关照你一下！怎么样？是不是很开心？我说完以后，群里众贱人们都说：不错！这是个好办法！鸡二说：滚！到底怎么办？哥们儿都这样了，还不帮我一下！我说：哥们儿们还不帮你啊！这几天你媳妇把哥们儿家里都跑遍了，光上吊就上了八回了！这大过年的，家里不来拜年的，净来寻死的，谁特么心里痛快啊！屎男也在群里嚷嚷，说：就是啊！每次都上吊，就不能换个新鲜的死法啊？我说：得了，她真的要想上吊，早带着绳去了，每次都空着手，很没有诚意，一点也不耿直！说实话，着急归着急，可是谁也没啥好办法。我忘了群里哪个缺德玩意出的馊主意，让鸡儿晚上趁着夜色，跳窗逃跑......结果，我过完年回家，鸡二这孙子真的把我家床单给撕成一条条的了！这一拖，就拖到晚上了，鸡二在群里嚷嚷开了，说：到底怎么办啊？！现在天黑了，我在家连灯都不敢开啊！我实在没办法了，在群里说：没办法了，只能试试我这三寸不烂之舌了！于是，我拿家里的座机，拨通了鸡二媳妇的电话。鸡二媳妇接了电话，说：喂？你是哪位？我说：嫂子，是我！刚才物业给我打电话，说有群人把我家给堵上了，就是你带人去的吧？我都告诉你了，我回老家了，你不信是吗？鸡二媳妇说：李XX，你少给我装！我们家李X就是被你给藏起来了，是不是！你给我装没事人似的，我正要找你算账呢！我说：你他妈找我算账？我还没找你算账呢！大过年的，你带人把我家堵上了，街坊邻居看见这算怎么回事啊！鸡二媳妇说：我们家李X就在你家里呢！我都看见了！嗯？她说她看见了？这跟鸡二提供的信息对不上啊！我相信鸡二说的是真的。不过这也好，她如果这么说，我就有理由怼她了！我说：哦？你看见了？您跟我说说，您哪儿看见的？鸡二媳妇说：我遛弯的时候，看见李X进你家楼里了！我瞬间心里就踏实了，知道她肯定胡咧咧呢！估计她要说自己查老公的淘宝账户密码，脸上不好看。我笑笑说：哎呦喂！嫂子，您可真是说瞎话不带眨么眼的啊！我家在双桥，您家在四惠，好家伙，您从四环一直遛到五环外？你家附近不就是兴隆公园吗？你不去公园遛弯，你沿着高速公路遛弯，你作死呢吧！自己老公都找不到了，您还跑出去遛弯，心够大的，你真着急还是假着急啊！老公找不到了，您不应该是快点报警吗？我这几句话，一下子把鸡二媳妇怼懵了，但是她还是不服气，说：我告诉你，李XX，你别理直气壮的.....我这火一下子就冒上来了，说：哎呦喂！好厉害啊！你带人堵我家门口，我还不能理直气壮了？看你是我同学媳妇，我叫你一声嫂子，你还真把自己当个人物啦！妈的，癞蛤蟆趴公路――你装什么进口吉普车！您甭来那个一哭二闹三上吊的套路，我最不怕这个。你要是敢上吊，我就敢旁边给你拍视频，然后卖到视频网站，还能换俩钱，回头李X再婚了，我就拿这钱随礼.......孩子用不着您操心，我们从小就告诉她，她妈见义勇为，勇斗歹徒牺牲了，保证让您的形象高大全！您要找不到绳子，楼下华联超市那个大姐跟我熟，能赊账，绳子您随便用.........你要不想赊账，买了绳记得开发票找我报销.........妈的，我还治不了你了！这几句话算是把鸡二媳妇怼急了，说：行！行！你给我等着？！我说：我等着啊！怕你丫呢！我家旁边就是派出所，你要再不走，我就报警！鸡二说：你报啊！你不知道我公安局有熟人......我说：哦？对啊！您公安局有熟人！那赶紧着，把熟人叫来啊！你就说你大半夜堵别人家门口，兴师动众带人抓自己老公呢，因为你老公要跟你离婚，你不同意.......哎呦！那您可在熟人堆儿里那可成了名人咯.......人家正愁着大过年的不热闹呢..........这要是一传十，十传百，您可是名震京城了，这玩意可比春晚好看呀！这句估计是打到她七寸上了，鸡二媳妇气的说不出话来。估计鸡二媳妇的爹，也就是鸡二的岳父也觉得丢人了，赶紧把电话抢过来，说：哎呀，小李啊~我是李X的岳父啊！你们也别吵了，我们其实就是想找到李X把话说清楚，也没想怎么样，咱们都是河北老乡，何必呢？我说：哦，是伯父啊！哎呦，您也在呢？鸡二的岳父说：对，我也在。你要是能见到李X，就劝他回家，有啥是不能商量的啊，不用躲！小李，我们家孩子满月的时候，你可是也去了啊！咱们都不是外人，你也算孩子干爹了.....我赶紧说：别别别！我可不当您孙女的干爹。当干爹有啥好的？还得给干闺女买包包.......这么着，您呐......先带着人撤，我保证说服李X出现，好不好？他要不知好歹，我们哥几个就把他绑您面前，您看怎么样？鸡二的岳父说：好好好，那就拜托你了，真的，吵啥呢？好好说话不就都解决了！我们这就是撤。过了一会儿，群里鸡二说话了：人都走了，太好了！我说：艹！鸡二啊！你算是让我把你媳妇彻底得罪咯！要不是我一通臭骂，她能走吗？兄弟们为你又操心，又得罪人，剩下的事，你自己看着办吧！群里一听说我把鸡二媳妇骂走了，瞬间沸腾了，说：我艹！渣哥威武！这不是一般的功力啊！我说：鸡二，你躲着也不是办法，我看你这样，你还是赶紧回老家吧！你回老家以后，叫你媳妇去老家谈，她人生地不熟的，在你的地盘，她也不敢把你怎么样，这样你主动啊！你不能躲一辈子是不是？鸡二过了一会儿，说：嗯，有道理，我本来买好票了，结果没走成，我大年初一再走吧！后来大年初一，鸡二就回湖北老家了。你们是不是想知道结果如何？离了没有？没离......鸡二回到湖北老家以后，给媳妇打电话，让她来湖北谈，鸡二媳妇就跟鸡二的岳父去湖北了。到了湖北以后，鸡二媳妇刚开始还是闹腾，鸡二倒也淡定了，说你就闹腾吧！随你便！就是因为你闹腾，我才想要离婚。鸡二媳妇看闹腾没有用了，还是软下来了，说看在孩子的面子上，求鸡二别离婚。鸡二就和媳妇沟通了一晚上，鸡二就说自己其实很珍惜这个家，也很爱自己的妻子，也知道妻子看自己这么紧是为什么，但是妻子这样疑神疑鬼，他真的受不了，他需要妻子的信任。这时候鸡二媳妇也知道自己做过了，也表态，以后再也不再这样了。鸡二的爹做完大手术以后，也其实没啥事了，说自己在这件事上太草率，也没让孩子好好了解一下，鸡二是个孝顺孩子，于是俩家家长也劝，最后终于没有离婚。等春节过去，我回北京了，刚走到家门口，就遇到了608的大哥。608的大哥说：哎？回来了？对了，春节时候你家门口堵了一堆人，这是干啥的？你是不是欠人钱，堵你门口要账来了？我是哭笑不得，说：咳，别提了，回头有空，我跟你细说.....以后的日子，鸡二也能出来跟我们喝酒了，但是绝不太晚，一到点就马上回家，他媳妇也不看他那么紧了。所以说，这夫妻关系，要维持好，还是得相互沟通，相互体谅，相互信任.....你用强制手段，那肯定是不行滴！又过了几年，贱二也结婚生子了。去年，贱二的孩子过生日，请我们兄弟几个吃饭，兄弟几个都带着老婆孩子去了。我带着礼物，到了饭店，往包厢走，正好在走廊里遇到鸡二的媳妇，我就是打招呼，说：嫂子，你来了.....鸡二的媳妇吓得立刻往后退了几步.......声明：本文章对一些细节有艺术加工，但是所有的事件及发展过程均为真实，如有雷同.....请节哀顺变。对了，我们河北媳妇还是挺贤惠的，请大家不要以偏概全。,"婚姻,婚姻价值观,婚姻与现实,家庭婚姻"
li-xing-6-47,赞同了回答,1591163708,2020-06-03 13:55:08,1261158722,和帅哥谈恋爱是什么感觉？,无话可说 帅的离谱（不管别人我觉得就这样）就是你不开心了 你看看照片你都能笑出来内种反正特别开心 觉得自己以后需要积德行善了还有就是跟帅哥谈恋爱 强迫自己变好吧不然外面呢么多姐姐多危险 加油 奥利给 另外就是希望不用删贴子 能慢慢走下去吧本身就是一个对自己很不自信的人 居然能遇到不错的人 反正很开心 晚安呃呃呃就是居然有人评论了我怎么说呢 这个帅哎 对我而言的 因为我朋友啥的就无感每个人都不一样有很多东西 可能是感觉？,"帅哥,恋爱,大学恋爱"
li-xing-6-47,回答了问题,1591157685,2020-06-03 12:14:45,1261820498,嘿，陌生人，我觉得我一无是处，能送我一句话吗？,挺好啊！不遭人妒忌，没人害你！,"交友,人际交往,陌生人"
li-xing-6-47,赞同了回答,1591149086,2020-06-03 09:51:26,1232332060,那些开在法院周边的小律师工作室一般有哪些套路？,无意冒犯，但法院周边的法律服务所一般比律师事务所多得多。相当一部分法律服务工作者误导当事人将自己视为律师，有的甚至直接自称律师。当事人往往无法区分，直到拿着一审判决书委托我们上诉时才发现。不过自称律师也只是违规，对当事人而言无伤大雅。问题在于，设置法律服务工作者的目的本来是便于当事人以较低的成本处理简单案件，但一部分法律服务工作者利用当事人没有经验，报价甚至远高于律师费用指导价。当然，对于当事人而言，这个问题可能也不是特别严重，因为许多法律服务工作者经验丰富，做一般案件绰绰有余。只要案件能够妥善处理，对于当事人而言，收费过高不是不能接受。最重要的问题是，律师有法律法规和行业纪律约束监督，处理案件较为规范。典型的有:不得承诺案件结果，部分案件禁止风险代理，不得以有关系诱导当事人委托等等。而法律服务工作者由于缺乏监管，往往不惮于踩雷。没有综合把握案情的前提下，就承诺案件结果，收取代理费。而案件处理结果不如意时，又将责任推给司法腐败，损害司法机关公信力。有过诉讼经验的人都知道一审的重要性，一审败诉的情况下，除非取得有力证据，否则很难改判。这也就很可能让许多案件维权方的权利无法得到保护，从而引发信访。申明一下:并不是想开地图炮。事实上，许多法律服务工作者的经验丰富，熟悉诉讼程序；部分同行为了案源也有违规，或者案情把握不准就盲目接案的情况。不过，个人认为当事人应有知情和选择的权利。End~,"律师,律师事务所,律师行业"
li-xing-6-47,赞同了回答,1591148596,2020-06-03 09:43:16,1260838480,为什么有些家庭年收入才10万上下，却能每天大手大脚？,我天天打游戏，你也天天打游戏；我天天下馆子，你也天天下馆子；我天天逛淘宝，你也天天逛淘宝；我工资5K，你工资也5K；我不爽，我裸辞，你不爽，你也裸辞；我家拆迁了你：！,"生活,收入,小资生活"
li-xing-6-47,赞同了回答,1591146007,2020-06-03 09:00:07,1213135134,高中早恋想退学如何跟父母说？,我突然想到上海“达人秀”里面一对夫妻。男的是大学门口贴膜的，女的原本是音乐学院大三的学生。认识后，也是男的对女的各种“好”，唯一要求“女生退学”，原因也很简单，怕女生毕业后，他们不能在一起了。然后女生居然真的退学了，跟父母断绝关系后，跟这个男的结婚，生了个女儿。好像是吉林还是辽宁那里的。然后夫妻都没有工作，一起夜市小摊上贴膜呗。女孩父母承担了外孙女的生活和教育费。他们夫妻上电视，有什么才能呢？女生不是音乐学院辍学的嘛，会弹钢琴。然后他们女儿唱歌。男的还很自豪，说女方父母“除了会给外孙女钱”，其他生活他们夫妻都是自立的，“没拿女方父母的钱”。小孩子天生喜欢音乐。 夜市夫妻出摊贴膜，小女儿就在边上唱歌，有人围观，有人给钱呢！“达人秀”嘛，大家懂的，一通煽情什么“真爱”“贫困却幸福”啥的，镜头还切给女方父母，说真的，隔着屏幕都能觉得女方父母的悲痛。原以为这种让大学女生辍学的人已经够恶毒了，这儿还有个让高一女生辍学的心。唉，一声叹息。,"感情,辍学,家庭教育,早恋"
li-xing-6-47,赞同了回答,1591145969,2020-06-03 08:59:29,1260445902,高中早恋想退学如何跟父母说？,我仿佛又看到这样的一个小姑娘：没文化，只能去富士康做流水线，然后18岁生孩子，然后没缓过来再生一个，再生一个，然后就怀里一个背后一个手里牵一个，面色蜡黄发如枯草，工作时候赚的钱都给孩子和老公了，然后又不得不拎着最小的孩子去打工，背后背着孩子坐在巷子里洗堆成小山的碗，眼看着路过的三两成群的女大学生穿着马卡龙色的连衣裙，按着爱疯，背着小巧的包包，同样都是20出头，你已经有三个孩子和一个不求上进的老公，你未来的四五十年都是这么过的，因为你没文化。当你的大女儿在15岁的时候跟你说她爱上了一个抽烟纹身家里穷但是对自己很好的男孩子，她要辍学跟他出去打拼，你没有理由也没有资格怼她说不行，因为她就是现在的你，没文化，只有年轻，等10年后年轻也没了，脑袋空空，就只剩下一具能干活的身体。,"感情,辍学,家庭教育,早恋"
li-xing-6-47,赞同了回答,1591086004,2020-06-02 16:20:04,1260354446,为什么粤语使用者一撑粤语，就会有人说他们想搞分裂？,搞分裂？这帽子扣得可不小。这路人大概就跟某些住在东西城，身份证110101到110104开头儿的人心态差不多。“老子这一辈子别的本事没有！也不想有了！就抱着这点儿与生俱来的东西CNB足够！”所以，这路人会想尽办法让自己这点儿自认为与众不同的东西“尊贵”到极点！以达到诸多方面GC的需求。他们能搞分裂？CNB呢，他们就是CNB而已，一个大嘴巴就立马儿好好说话。一个大嘴巴就够。,"方言,粤语,汉语,社会话题"
li-xing-6-47,赞同了回答,1591081269,2020-06-02 15:01:09,1258286521,中国哪个地方摇滚乐氛围比较好？（除北京）?,摇滚老家Rock hometown石家庄啊,"摇滚乐,摇滚精神,摇滚乐队"
li-xing-6-47,赞同了回答,1591076108,2020-06-02 13:35:08,1260044322,感情上对不起一个人真的会有报应吗？,前任绿了我不久后，爹死了。看大家回答的报应太浅，分享一下传统意义上的报应希望逝者安好，永享宁静不请自来。初恋。初一到高考前。分手原因，从刚在一起开始，他也同时和别人暧昧，五六年间玩弄过四个，到最后我才得知。拿着我充给他的钱和别的女生聊嗨这都是轻的。细说全是恶臭。分手后他骚扰不算频繁但也一直没断。高考前分手，上大学后不久，他爸死了。这算报应吗?我不知道。就算是估计他也没意识到。两三年骚扰没给他任何回应，然后他爸出事那天晚上，他居然连夜写抒情小作文知会我，中心意思就是想让我安慰回应他。节选。请问谁爸病重时能像您一样有闲情逸致写这? 您是觉得“终于有个大事了这次和她说的事这么严重该会理我了”吧??你知道自己在干什么说什么吗你爸的死不该被你拿来当做骚扰我的理由。说得冷酷一点，别说死了一个，死一万个也和我没关系（抱歉大家 这样说不善良 不过成年世界规则就是这样吧?）作为一个和你家庭不相干的人不该被你用死者道德绑架，回应你的骚扰让我恶心，不回应又好像对逝者不敬一样。没有冒犯死者的意思。合格的前任该是die一样无声无息，何况您还是过错方。分手以后再三骚扰，连您爸死了都能拿出来说。现在我只可怜他的父母。父亲在临病死之前没得到儿子全部关注，想不到自己的痛苦被儿子拿去和前女友分享。母亲失去丈夫后得不到儿子全心的关照，噩耗被儿子当成和前女友联系的话头。逝者安息永乐。至于他本人如果德行不改，那报应一定还没完。医学生不信因果轮回，只知道世道容不下自私自利不义不悌的人。,"内疚,愧疚感,感情纠葛"
li-xing-6-47,赞同了回答,1591076015,2020-06-02 13:33:35,553658795,男生宿舍也存在孤立吗？,朋友是自己选的，而舍友是学校分的。虽同住一个屋檐，三观性格不一定相和，不一定所有舍友都适合做朋友。,"男生,宿舍,大学寝室,男生宿舍,宿舍关系"
li-xing-6-47,赞同了回答,1591075726,2020-06-02 13:28:46,1258768754,三十三岁想转行做律师，真的在瞎折腾吗？,33岁转行，要考虑的第一位的因素是创收。有没有案源？如果没有案源，市场开拓能力怎么样？其次是之前的职业积累会不会带来加成。创收能力这个因素需要自我评估一下，因为律所对这个年纪的律师的期待已经是要么有案源、要么作业能力强。如果既没有案源（市场开拓能力也不是特别强），作业能力还要重新学。那起步会非常艰难。另外，在银行工作也得看是在什么部门，如果是柜员或者就是普通岗位的话，那可能之前的职业积累不能给律师生涯带来加成，那就不建议转行。如果是在一个核心部门，掌握银行业务的核心技能和知识，那么做特定类型的案子会是优势。如果以上因素都没有，转行做律师可能要付出的更多。我自己理解的转行其实是发掘和发挥自己的特长。如果转行并不能让自己比较特长的一面发挥出来，那转行可能效果并不好。,"职业规划,转行,转行规划,律师职业发展,律师行业"
li-xing-6-47,赞同了回答,1590992612,2020-06-01 14:23:32,1250064605,如何看待美国明尼阿波利斯市一名黑人男子遭警察暴力执法死亡?,我以前去过美国 回国后一看国内的警察。亲切的很 中国警察比美国警察可人道多了。中国警察虽然绑的紧 但是人家不掐你脖子啊。人家还跟你讲道理啊 。在美国 一顿大炮脚踢的你一脑袋是包 整不好还得挨两枪。跟中国警察一比，美国警察剩下的只有暴力。没有人道。人民警察 人民警察  中国这点真是领先美国几千年。这次事件的最大遗憾就是美国警察做得不够。应该在黑人没断气前 掏出一把短刀 让黑人跪在地上 一刀一刀割掉黑人的头颅。中途血液顺着气管一点一点流出 满嘴血沫的黑人头颅随着刀的节奏无力地晃动。割掉脑袋 举起脑袋 大喊一声 ABLKH 。事件的热度 在这一个瞬间 推向了高潮 完美收工。最后说一句 这件事的恶劣在于不是一个普通人用残忍的手段杀死一名黑人。而是一个警察 仗着国家赋予它的权利 利用这种权利。去恶意绞杀一名并无反抗的黑人。人民群众善意提醒 想解救被虐杀的黑人。却被警察用着国家赐予它的权利 利器  恐吓民众 。吃着国家的饭 用着国家的钱 开着国家的警车 穿着国家赐予的警服。说不定脑袋上扣那墨镜都是美国警察局给他发的。结果 它用着这一切 本该保护民众 守护群众的利器。去虐杀一名自己国家的人。 你如果感觉有威胁 你可以打他 你可以开枪射击这名黑人。甚至你可以开枪射杀他 都可以。但是在已经控制住黑人的情况下 利用膝盖继续绞杀黑人。而且后方还有2名警察 在按着黑人的双腿和后背。完全可以选择手铐 绑住双手 把黑人身上衣服扒光 确保没有危险后投仍入警车。他没有这么做，他选择的是用那罪恶的膝盖 压迫黑人的颈椎 。去杀死这名黑人。一个黑人 腿部 后背 被两名警察死死按住。另一名警察 用膝盖加上全身的力气 死死顶住黑人的脖子。全程黑人一直再说 我不能呼吸了  我喘不过气来了。杀害人的那名警察 不仅不松 反而用尽全身的力气更加使劲的去压迫黑人。最后黑人满嘴吐血 ，意识模糊中，想到了自己的妈妈。妈妈 妈妈。被压在地上的黑人  被压到神志不清 濒临死亡的时候 喊自己的妈妈。 如果他的妈妈真的在附近。我相信他妈妈绝不会畏惧几个警察手里的手枪。妈妈绝对会冲过去 推开压着她儿子的那个活兽。哪怕是被打成骰子。但是他妈妈没在身边 黑人只能被虐杀至断气身亡。许多人 说这件事是暴力执法。不 这不是暴力执法。这是几名警察 用着国家的权利 用着国家赋予他们的武力。进行的一场有预谋 有计划的虐杀行为。原版视频 大家看下吧  谁对谁错 一目了然。大家也不必担心 这几个警察 露脸的。美国民众会记住他们的脸，哪怕到天涯海角 就好比当年的刘鑫。除非出国 换国家。美国群众们 已经把这几名警察死死的钉在了耻辱柱上。如果判刑，那更好办了，监狱里黑人可不少，美国监狱消息还是很开放的。你们说 大伙知道了这几个警察如此虐杀黑人 监狱里的黑人们会如何对待他？会让他承受比那个惨死黑人痛苦千万倍的折磨。抬头看看天 苍天饶过谁。,"法律,美国,警察,美国黑人（非洲裔美国人）"
li-xing-6-47,赞同了回答,1590972731,2020-06-01 08:52:11,1243281197,如何评价《航拍中国》第三季安徽篇？,声明：本文无任何地域歧视，任何断章取义歪曲文章本意的杠精都请绕道让我们先看看几位“我批评我有理”却连起码语文中的主语后置都看不懂的所谓人均985211知乎用户，几个“高智商”用户什么无视我写了几千字，唯独就看到后文中一句：“大平原又没什么文化底蕴的合肥”这句话个别zz集体断章取义给歪曲成“大平原又没什么文化底蕴”的无中生有的破话问一下各位用户，本话的意思是想怎么表达？来来来，我手把手教各位本文原来意思：合肥是大平原，但是合肥文化底蕴不行“正义”杠精意思：大平原没文化，你在地域黑！！来来来看看下面几个发言（看原文可以直接跳过本阶段）别人一问就扣小家子气？这我真看不过去浏览量上万，搞不懂状况的就你三个人一位上海用户的首次歪曲，我一说回去就不吭声了又出现了想要努力爬到制高点的知乎划水用户，很明显，这位用户还不太会玩杠精的文字游戏另一位上海用户坚持对线几次，结果满口我在强迫别人接受观点，原来我维护自己文章原来意思，手把手教别人理解语文还成了强迫别人接受观点？结果这位用户自己回答下面跟别人嘴臭，别人反对这位用户就拿所谓言论自由当挡箭牌，当真现代双标。这是上面的这位用户自己的评论区，素质是真高，来抬杠先看看自己什么本事首先航拍里面的话已经讲的很清楚：北耕旱地，南种水田，安徽是个坐拥南北的省份，稻也好，麦也好，安徽人都要。开头也强调了一遍安徽坐拥南北，并不是说节目组有偏见就一直拍黄山本集全篇幅不到五十分钟，咱们就算平均分时间，50除以16大概三分钟多一点，你觉得安徽每一座城市三分钟能详细介绍的完吗？再加上黄山巨无霸占据的时间更多更是挤压了其他的城市的时间。要真想拍一个细致的安徽篇，恐怕两三个小时都未必说的完，要怪只能说旅游文化局天天宣传侧重点太过于南边航拍中国做的是航拍中国美景，自然是在有限的时间内尽力展示出拍的好看，平常人觉得稀奇又漂亮的地方，不能说航拍中国选的不行，是五十分钟根本没办法展示整个安徽对于安徽，你觉得哪里更稀奇漂亮些呢？毫无疑问是皖南各种各样花里胡哨的山脉温泉，奇松怪石。虽然皖北给的镜头少，但是本人觉得皖北至少拍的好看而且也稀奇啊，甚至又有的皖北本地人都不知道自己家有那么稀奇好看的地方，但稀奇的地方再多，也没皖南本身就有的旅游资源到处都是山水来的快啊我也知道，很多人自然要呼吁皖南皖北要平衡一些，皖北各个地方航拍中国也算给面子基本都露了脸，也算是蜻蜓点水走马观花粗略地展示了一下皖北城市形象和特点，阜阳的生产粮食的大农田对应阜阳的特色大粮仓农业大市，亳州的中药材花田对应中药之都，蚌埠的铁路桥对应铁路枢纽，淮南的莲花焦岗湖和奇特的挖煤塌陷水塘的新利用发电对应特色因煤矿而生和电力输送。但是节目组却在历史文化上面就在黄山那叙述太久，皖北基本一字不提。可以看下航拍中国江苏篇，侧重点明显也一样在文化宣传比较大的苏南，南京更是讲了13分钟，霸占了全篇四分之一还要多，对比差距安徽篇的合肥只有三四分钟……大概能看出节目组在这两个省份拍摄模式极其相似，绕全省绝大部分地方然后漏了一两个，有的城市给几个镜头自己理解就行，挑最知名的城市花个十分多钟长篇介绍，最后总结的时候用选择省会来总结。那既然就这样的套路，还能指望能出什么新花样呢可是各位想想是觉得相对皖北一望无际的耕耘的大平原稀奇，还是皖南山青水秀的地方吸引观众？大家都心理有数，大平原又没多少文化底蕴的合肥（本人认为，合肥的文化输出真的不行）就正好侧重于省会的繁华和现代，不然合肥还能拍什么，大家以为全安徽北边都在种地，南边都是山这样之类的？一点现代化都没有？（添加：总有一些语文不好的用户看不懂上面加粗的话意思是合肥文化底蕴弱和合肥是大平原，总有些初高中语文不过关的人歪曲成所谓的“大平原又没文化底蕴”这种破话，麻烦掂量清楚主谓宾语在说话）皖南里黄山又是安徽一直以来在中国甚至在世界的名片，本来安徽篇就那么短，你不侧重介绍它介绍谁呢？更何况在各个省份的山脉知名度里，黄山的知名度还算靠前，对于平常存在感低的安徽自然更要好好把握这个名片，自然要告诉观众，哦我们安徽多美有诗情画意，迎客天下，快来看看吧之类安徽十六城十四个都上榜了基本照顾到各个地方，而且又有侧重点黄山（除了淮北和池州没拍）emmmm我觉得淮北和池州分别是皖北和皖南存在感比较低的城市默默心疼…当然安慰一下这还不是最惨的，在江苏篇里，江苏唯独宿迁没有镜头………并且把我的这个回答贴出来亚伟so yummy：安徽存在感最低（最不出名）的城市是哪个？一些不太明白为什么安徽南北差异那么大可以看看这个亚伟so yummy：安徽省面积并不大，为何省内各地的文化差异却非常之大？不过池州没出现的确让我吃了一惊，九华山作为四大佛教名山之一居然没出现，嗯？天柱山天堂寨都有了九华给无视了，只能怪黄山名气太大了把九华山给压下去了（无奈脸）或者（胡思乱想）是节目组不拍淮北太又拉了一个池州垫背？不过其他没上榜的景点还有不少…寿县古城，琅琊山，八里河等等……如果要求太细致我想五十分钟的片子大概也做不到航拍中国在b站用户评价里似乎还算不错，弹幕除了偶尔抱怨皖北镜头太少，或者玩徽京梗小马小滁是南京梗合肥吸血等玩烂的梗，至少无论皖南皖中皖北大家普遍都觉得拍的挺好看。如果你们有异议，建议投诉安徽旅游局，投诉他们能不能帮别的城市多做点宣传。还有一个办法就是学学隔壁江苏，扩大下本省的存在感，到时候，散装安徽这种名词，网络就可以帮你宣传到天南海北，各个地方知名度自然就上去了既然是欣赏美景，那就不要带太多别的想法，静静的看就行了―――――――――――――以及我想说，本文压根没有针对歧视哪里，我说地理环境上皖南到处是山水相对于皖北平原耐看也没说错啊！顺便调侃合肥文化底蕴在安徽各个地方的确弱这也是事实啊！淮北没镜头我也没办法啊。这还有人能给我扣帽子？我从来都没说过皖北没文化底蕴这种话啊，这想想也不可能啊？（微笑脸）呵，这位玩不好文字游戏的用户就不回复我了 ，本人身正不怕影子斜，求杠精少来烦我，有本事别说一句话就跑，能接的了本人的对线再说（新增添）以及第二位有趣用户还说我强迫别人观点？我最后把纪录片链接放出来，说到底好还是坏你们自己判断。什么时候强迫别人了？难道别人偷换我表达的概念我就没有权利维护我自己的观点？我维护我自己的观点就是我把我的想法强加给别人？？？然而这位用户说着我在强迫别人接受我的想法，那看看这位用户在这个问题的回答下的评论区呢？别人就问一句婺源没有上镜有没有政z因素，这位用户直接就回复你在YY那么多干嘛？？？？我向这位用户表达我被误解的问题，这人就开始说：我强迫别人接受我的想法？？别人不接受我就开始在叫？这就是素质？？？说不过我就开始说行行我nb？？？我可不接受这种恭维话附一下b站的航拍中国链接，到底好还是不好，交给你们来判断航拍中国 第三季哦，还有送给杠精的学习视频，想成为高级杠精不仅要学会偷换概念，玩文字游戏，还要学会优雅从容，先褒后抑，煽动大家拉拢人心，再来点适当的道德绑架，人身攻击，甩锅，阴阳怪气，然后最后最好用“u1s1，我没恶意，我没有杠，我只是陈述事实”等语句结束就行高级杠精公开课_哔哩哔哩 (b-b)つロ 干杯~-bilibili我还是把无聊的评论筛选些免得后来用户觉得莫名其妙,"安徽,央视纪录片,航拍中国 第三季（纪录片）"
li-xing-6-47,回答了问题,1590838955,2020-05-30 19:42:35,1255285406,如何评价《航拍中国第三季》河北篇？,邢台一个镜头也没给（还有一个是衡水），作为邢台人，啥也不想说了,"纪录片,旅游推荐,河北省,航拍,航拍中国 第三季（纪录片）"
li-xing-6-47,赞同了回答,1590731205,2020-05-29 13:46:45,1246144110,女儿早恋，作为母亲的我打了她，现在后悔怎么跟她道歉?,话糙理不糙题主需要停止伤害女儿，坚持心理咨询和治疗，对自己情绪觉察，行为改善觉得自己要动手了要暂停……要理解女儿大了，告诉她怎么保护自己，送她成长和离开……和孩子分离是很痛苦，但是也正是这样彼此才有各自独立精彩人生心理学研究：父母在孩子一生中扮演四种角色避免成为孩子生活中施虐的恶魔，等孩子好点和她道歉，尽可能谈，在之前先和心理咨询师谈。如果经济困难，试试当地12355政府心理咨询热线是免费的。（只要别碰到一样性压抑和扭曲，还有别搞什么人偶疗法）,"母女关系,早恋,青春期教育,未成年人谈恋爱"
li-xing-6-47,赞同了回答,1590717613,2020-05-29 10:00:13,1246599840,如何反驳“靠几代人积累的背景和财富，凭什么不如你寒窗苦读几十年”这一说法？,"反驳不了。对方都摊牌了，你还反驳个毛线。人这话的意思翻译过来就是：“你要能动手就少跟我BB。”那你能掀桌子吗？你不能啊。你寒窗苦读是为了上桌吃饭的。你用尽各种姿势，好容易排完队上桌了，这会儿谁掀桌子也轮不着你掀桌子啊。真玩狠的，二代们恐怕比你更乐意掀桌子。他掀桌子，无非是拿他继承来的祖产再赌个更大的。别说掀桌子这么好玩了，他就算是去喝酒/嗑药/打架/飙车/搞翼装伞降，甚至俄罗斯轮盘，都比你更有动力。他爹不用他赡养，他家族不需要他光耀，他孩子都不用他自己带。哪怕是去为人民服务 ，抓革命促生产，他都比你积极性高。和人家比掀桌子？你也配掀桌子？我都不谈让你去搞什么“改天换地”了，那个对你而言难度太高。哪怕就让你给他“当面来一拳”，你只需要付出个 治安拘留 的代价。你肯不肯？你冷静一会再想想，你肯不肯？你这会儿跑知乎说什么“王侯将相宁有种乎”，你把天降伟人贴自己脑门上有用吗？你就算梗着脖子天天在知乎蹦：“宁有种乎！宁有种乎！宁有种乎...”你义愤填膺，你道貌岸然，你自诩正义，你拿口水喷他一脸，能有用吗？人家陈胜吴广说完了“宁有种乎""，就真带队下地狱去了。你说完了“宁有种乎""，还是得跪回去继续被人家用资产壁垒吊起来打。这从古至今，混不开心的泥腿子从来没缺过，但天降伟人几千年才出一个。那你怎么办?你只能是奋起直追了。你正面打爆了逆境，拿寒窗苦读干翻他几代人财富积累不就行了？你愚公移山，拿几代人艰苦奋斗干翻他骄奢淫逸不就行了？你哪怕赌个大的，靠人品上位也算那么回事。这些都比你“改天换地”容易多了。但估计对于你而言还是太难。所以你还是梗着脖子跟他说什么“宁有种乎""吧...你这“宁有种乎！宁有种乎！宁有种乎...”翻译过来其实就是：“你有本事别跑！等我回去叫人！”输人不输阵是吧？你感觉自己还挺威武的？--其实你与其跟他说什么“宁有种乎”，还不如咒他“富不过三代”。这“富不过三代”翻译过来下作了点。所以你可千万别拿自己举例子。虽然你说这种话也没什么*用。在二代们眼里，你也就是个疯掉的柠檬精。但至少你能解气呀。解决了负面情绪，你上网冲浪的目的不就达到了嘛。","社会,社会现象,社会阶级,读书无用论,如何反驳 X"
li-xing-6-47,赞同了回答,1590715420,2020-05-29 09:23:40,1246823365,你们会花5000块钱买一只猫吗？,不是花钱买的3月在车库里捡的 带回家擦干净了，就这样没过多久发现他经常母鸡蹲，不爱吃东西，肚子变大，带去医院检查，果然是得了猫传腹。检查化验，开药打针，目前治疗一个多月，已经花了1万多，后期还需要继续观察。 不管怎么说，小命算是保住了（打了一个多月的针，小老弟真是吃了不少苦头）这些钱能买到什么品种的猫子，我不清楚，要真说当时放弃不治疗了，我也确实不落忍反正不管是买的还是捡的，遇上了就是缘分，尽人事听天命,"猫,流浪猫,养猫,宠物猫,猫奴"
li-xing-6-47,赞同了回答,1590714117,2020-05-29 09:01:57,1251955902,为何德克士越来越少了？,坐标宁波。第一次吃德克士是在小学，那时候宁波天一广场乐购开了宁波第一家德克士。每个双休日的乐趣就是去德克士吃脆皮炸鸡，真的好吃。一晃，我现在大学都毕业2年了，德克士吃的越来越少。现在吃起来，德克士的汉堡干，很干，而且一只都这样，吃汉堡一定要喝个饮料，不然就是干。脆皮鸡块虽然好吃，但是我记得吃的时候很正常，这几年，吃的时候总有一股子鸡骚味。不知道为啥，那股味道很难受。同样的肯德基，麦当劳都不会有。,"餐饮,快餐"
li-xing-6-47,赞同了回答,1590713987,2020-05-29 08:59:47,1251426712,是什么突然让你放弃一段感情？,曾经看到一句话突然就情绪崩溃，所有对他想说的话想分享的心情都得不到回应，所有的热情和关心都被理解为多此一举，时时刻刻会想起来自己当初逼着他说爱我的时候有多讽刺，决定分开的时候可能还爱他，但是已经不想在一起了。他曾经一直都是我的疲惫生活。“我没有怪你的意思 我也没有觉得一个人就必须对另一个人怎么样 我就是觉得一切都特没劲 连我费劲心思对你好的那些瞬间都很没劲 你就像一个黑洞一样 所有的情绪 所有的爱 所有的付出和体恤砸进去就什么都没了 ”,"感情,感情的博弈,感情纠葛"
li-xing-6-47,赞同了回答,1590633413,2020-05-28 10:36:53,1246291673,肾虚不吃药 怎么补，多长时间会好 现在18岁？,一、真的有天生肾虚吗？症状：阳痿，不举，体温正常身体发热，头也热比较晕，每天昏昏沉沉没精神，上火上的可怕。最可怕的是对性的要求，每天都不受控制的幻想性画面，而且疲惫下会遗精。看过很多医生，中医说是肾阴虚，喝了三个月的中药，辟邪的朱砂也都用上了，没戴两天就给扔了，中药是没用。 找的我当地医院院长看，他说我只是神经衰弱，开了点维生素就没了…。我不知道现在该做，因为我自己觉得是天生就是这样，喝再多的中药和神经方面的也没用，现在去医院也不知道怎么看，最怕的是被看成肾阴虚…… 和西医的各种无厘头检查虽然工作求医，累，很苦， 但我不想放弃，就算让我去死，也要给我个理由，不想这么稀里糊涂的下去。人有大小之分，高矮胖瘦之分，也会有天份之分。人的天份高低在于父母之精血是不是充足，父有强壮之精，母有健康之血，精血化生胎儿。然而胎儿之旺盛又在于母体之气血是不是充盈，假如母体体弱多病，身体虚寒，生出来的孩子也会体弱多病。要么生出来的孩子智力不行，要么比较嬴弱，这些都是精不足的表现。很多人上学聪明，记忆力好，这都是肾精充足的表现，有些人上学比较笨，反应迟钝，平时体弱多病，感冒发烧样样不少，这就是精不足的表现，甚至很多人少白头，头发治疗差。先天之本差并不是你决定的，而且你的父母决定的，所谓优生优育其本质就是父母身体健康，孩子才会健康。先天不足的人虽然勉强可以长大成人，但是往往也会面临生育问题，他可能不手淫，也房事不勤，但是也会阳痿早泄。有些人手淫伤精，祸害自己好多年才会阳痿早泄，才会达到先天不足的状态。就跟这个朋友一样，为什么总是感觉发热，但是这种热还是缠缠绵绵，每天没精神。其实这种就是阳虚发热，按道理说阴虚才会内热，为什么阳虚也会发热，其本质就是本来人的命门之火是藏在肾里，肾虚的化就会造成火不归元，火往上走，所以经常感觉上半身燥热。这个朋友按照肾阴虚治疗肯定没用，所以即使吃中药三个月也不会好，但是可能在他心里会刻上我吃中药不管用，中医不管用。其实是人不靠谱，所以一切都不靠谱。阳虚发热怎么治疗，补中益气汤主之，甘温除热。这个好点了，然后阴中求阳慢慢调理，治病要有主次，不然眉毛胡子一把抓，除了打击自己折腾的要死要活，一无是处。二、男人肾虚是一种什么样的感觉？它又会给你的生活带来哪些不便？对于肾虚来说并不是说你能看得见的肾出了问题，当然假如你都是肾衰竭了，肾虚是一定的。有很多人肾这个器官没事，很完美，但是自己会感觉肾虚，这种肾虚指的是一个整体，整体生命力下降。成人肾虚最直接的感触就是平时三吹六稍的挺猛，突然变的比较短，比较敏感。这个时候就会感觉自己比较虚弱。当然出现了这个情况往往伴随着精神状态比较差，乏力，做事情精力不够，同时记忆力直线减退。这就是肾精不足的表现。同时肾虚意味着早衰，本来二十多岁的年纪，因为肾虚看着跟三四十一样，本来头发茂密，最后发质减少，甚至变成地中海。往往达到地中海水平的男性，往往性格都会比较色，越虚越色，越色越虚，每天大把的时间去想入非非，严重影响生活质量。肾虚还会造成不育，往往性功能好的人都比较猛，生下来的孩子也会健康。肾虚造成少精，弱精甚至无精。其实你也不用考虑为什么肾虚会造成精不好，你只要知道身体虚弱，气血就会虚弱，气血化为精，体弱多病精肯定不行。肾虚严重会造成腰疼，腰肌劳损，甚至腰间盘突出，出现这个情况基本上就是整体想着自己的老腰，谈不上生活质量，连腰杆都挺不直，更何况去好好的享受生活。既然谈到了肾虚造成的腰疼，最近很多人问我，腰间盘为什么会突出，为什么会疼？肾主骨，肾虚了，骨头营养就少了，就会疏松，但是你的体重没变，所以承受重量的能力下降造成腰间盘受到损失，腰间盘里面有髓核，髓核破裂形成水肿，压迫神经，所以会疼。所以本质都是肾虚造成的，只有虚好多了骨头硬了，腰间盘才会复位彻底好，不然你通过正骨复位，过不了多久一样会回去。最好的治疗方法就是内补正气，外用消肿，缺一不可以。其实对于这个治疗方案，熟悉我的朋友可能会知道，也写了很多文章，有兴趣的可以看下。所以肾虚这个问题影不影响生活取决于你虚的程度，每个人都会肾虚，但是每个人的恢复能力不一样。举个例子，比如你今天怼了，明天一样生龙活虎，说明你的自愈能力强，消耗的能量可以尽快补回来，假如你今天怼了，第二天没精神，乏力，这说明你的自愈能力差。假如你连怼都怼不了，说明你肾虚到一定程度，戒色也不会好。三、肾不属于生殖系统，为什么不节制会造成肾虚？很多人性功能不行总认为是肾虚，但是去医院检查肾脏又发现没问题，所以自己很疑惑，为什么检查的肾功能B超，尿都正常，为什么还阳痿早泄？其实肾虚这个说法是从中医的角度来看的，中医上的肾讲究一个整体，也就是说你这个人精气神足，能量多，你就表现为肾精足。它是一个人总体的表现，所谓肾虚是你整个人的气血虚弱，这个虚是抽象的，看不见摸不着的在外表现。而西医上的肾就是代表这个器官，除非肾虚非常严重，肾这个器官才会发生病变，肾衰竭，尿毒症等等，这个时候不仅仅是中医上的肾很虚，同样西医上的肾也非常差。所以说中医上你可能肾虚，但是对于看的着，莫得见的肾有可能没事。假如西医上认为的肾出了问题，那么一定也会肾虚。所以说不节制的后果一开始表现出来生命力下降，尿频尿急，无精打采，性功能减退，随之就会出现尿蛋白甚至血尿。很多人会问肾虚有什么严重的后果，首先就是影响生育，造成男人弱精，无精，活力差，其次性功能受到影响，生活质量受到影响。第三，就是做事情比较吃力，没有耐力，同样记忆力也会受到限制，容易健忘，人容易早衰，这都是肾精不足的表现。四、对于男性问题是阴虚还是阳虚？对于不行，很多人总是想知道自己是阴虚还是阳虚，或者是根据自己是阴虚阳虚吃一些所谓中成药。其实抛开阴虚阳虚来讲，病是变化的，药也必须经常变，一味的吃一些所谓补阴补阳或者是都补的药会出现很多意想不到的结果，很多情况都是没病的补出病来，有病的补的更严重。适合自己的才是最好的，六味地黄丸，金贵肾气丸，十全大补丸本身没有错，错的是不对你的证。对于阴虚，本质还是物质少了，物质少了就会放出热量，比如你的脚崴了，出现的情况就是肿起来了，而不是萎缩变凉，这说明骨头受到伤害了，释放热量，也就是阴虚。这个肿也不会一直肿下去，两天之后就会下去，温度不再那么高，有可能会发凉，从你本身来说脚崴了，身体这个能量受到伤害了，生命力比原来差了，这就是阳虚。所以从一个崴脚就可以看出来，所谓肾虚，基本上都是伤精，物质少了，就会产生虚热，所以一开始都会感觉口干舌燥，五心烦热，失眠盗汗，舌红少苔，尿黄短赤，性欲亢盛。这个时候阴虚为主，随着时间推移，也不怕冷了，大便也不成形了，次数也多了，尿清澈但是频了，勃起也不行了，尿尿也湿鞋了，这个时候阳虚为主。所以对于阴阳来说，他有一个发病的过程，一个健康人必然从阴虚开始，比较燥热，比较猛，越来越色，然后变成阳虚为主，性欲减退，怕冷，然后阳痿，最后阴阳两虚。假如光是虚那非常好治疗，但是病人往往虚实夹杂，湿热瘀还会比较重。其实古代人认为的阴虚是假定你这个人是阴虚还是阳虚，纯正阴虚的人不存在，纯正阳虚的人也不存在。所以这就是为什么你吃左归丸，右归丸不管用的原因所在。五、为什么肾虚也会造成小腹坠胀？很多人总是认为肾虚就是不行，但是除了肾虚之外也会衍生出很多细小的症状，比如坠胀，这个坠胀主要是以小腹坠胀或者是会阴坠胀，或者是蛋蛋坠胀，或者是两腿坠胀。总而言之就是感觉一切东西往下走。首先坠胀跟什么器官有关系，那就是脾，脾具有固涩脏器的作用，同样脾也是升清的，往上走，这样人才会有精神。脾脾伤了人就会精神状态差，比较萎靡不振。那么伤肾为什么会伤脾？很多人会有这么一种感觉，经常伤精会感觉会拉肚子，这个拉肚子就是食物太凉，没有煮熟，没有消化掉就排了出去。正常情况下吃来的饭通过胃来接受来消化，转化为水谷精微，经过脾来运送到身体各个器官。如今肾虚而命门火衰，脾阳之根在于肾，就会造成脾寒，也就是火弱了，水不开，食物煮不熟，所以还会大便里有没有消化的食物。所以这个时候尽量去温补，病人也应该配合饮食清淡，可以多吃一点山药。同样不要久坐，至于怎么治疗，还是脾肾同治，治疗命门之火。,肾虚
li-xing-6-47,回答了问题,1590633223,2020-05-28 10:33:43,1250464918,什么工作能在扣除五险一金后月入五万?并能毫无压力的混吃等死？,我也在找啊！,"求职,收入,五险一金,找工作交流"
li-xing-6-47,赞同了回答,1590628369,2020-05-28 09:12:49,1240470139,圈子太小，如何脱单？,很多男生都会遇到这个问题：想谈一段恋爱，但认识女生又太少了。这个时候往往会盲目的去学那些pua课程，他们会叫你上街搭讪，或者网上各种社交软件拼命右滑。那么我们现实中除了搭讪和社交软件之外，究竟还有多少种认识靠谱异性的办法？首先不同情况不同分析，可根据所在副本级别分为大城市，中城市以及小城市。1：认识异性之大城市副本攻略如果是大城市副本，北上广深这种超级大城市，属于很好打级别。基本上你如果不那么宅，每个月多尝试一些新的未知生活，也能认识到不少女孩。先不说那些女性占70%的线下相亲会，豆瓣上还有无数的兴趣小组，各种交友app，兴趣主题QQ群，这些都是可以尝试的地方。只要形象和态度不招人嫌弃，在大城市里面认识女孩都不是什么问题。除了以上那些，你还可以：学新技能：这是拓展新圈子比较好的办法。比如去学一点基本的社交舞，不要跑去大妈占领的广场学，去练舞的地方学，经济实惠点的，可以去健身房、大学，学的时候自然也认识到起码身材不错的女生。到你学成之后，就可以大胆地去参加那些交谊舞会了。学摄影，学养狗，学唱歌，学本身是很容易产生交流的媒介，你可以因为学养狗而去虚心地请教你想追的女孩，每个人都好为人师，有人把自己当成老师一样来请教，基本都不会拒绝，还会对你产生一种“同一个世界，同一个梦想”般的好感。参加公益：如果你实在不想去学一些新技能，那么你可以尝试去做一些对技能门槛低，但是很有意义的事情，比如公益活动，国际国内本地都可以去尝试。因为所有有意义的事情，最终都会成为你的过去和故事。而且我有很多朋友都是在从事志愿活动的时候，认识了另外一半。高阶打野：找个周末，打扮得体，约上个好僚机去酒吧喝一杯，准备聊聊人生和理想。碰巧遇上一些想听故事的女孩，你们两眼相对时，微笑示意，拿起酒杯远远地敬一下。再过几分钟，再目光相对时，就可以像个老朋友一样挥手让她过来聊聊天。高阶方法就是没有一点点防备，也没有一点点顾虑，云淡风轻，简单不兜弯，一出手很意大利。所以今天我要放出一个关于认识女孩的终极奥义就是――像对待老朋友一样对待陌生人。2：认识异性之中等城市副本攻略二线城市副本，如南京，杭州，苏州，重庆，成都，及其他省会城市和经济发达城市。这种副本难度属于中等，人口流入不高，对新社交方式接受度慢，人与人之间更倾向于熟人之间的社交。以上大城市的方式都会有效，但是可能因为基数的问题，效率就会相对慢很多。我建议在尝试以上的方法之外，多渗透当地的朋友圈子，朋友有喜事？去！多认识几个新娘那边的单身姑娘。朋友生日组了个K歌局？去！公司与其他非基佬公司搞联谊？去！3：认识异性之小城市副本攻略如果不幸在小城市里面，那么你选择的是困难副本。首先，小城市，没有流动人口，没有大学，年轻人少，整体情况就是不像城里人那么会玩。出来玩就是唱歌、吃饭和棋牌。属于纯熟人社会，在这种情况，你最好的选择是：一、通过熟人介绍你认识；二、有机会就去拥抱新的地方，比如说搬离；如果实在不行，那就规划每几个月来一次说走就走的旅行，短途也行，长途更好。旅行不能是纯游玩，你要多去接触到新的人，多积累新的故事，多像对待老朋友一样去对待陌生人。生活有点情趣，不要总想着等到XXX的时候我就XXX，现在就要幸福！有一次，我问一个漂亮的女性朋友，为什么喜欢上她的男朋友？她男朋友不是很帅，又聪明绝“顶”。她的回答是：找男朋友，可能有很多因素会让你觉得很重要，有能力，长得帅，有钱，高，人要好。但是当你知道自己最关注最关心的一个点是什么，抓住那个点，你就知道该怎么选了。聪明靠谱的女人往往很清楚自己想要的是什么，而在选人的时候，专注于这个点，这个点通常就是靠谱。所以找到靠谱伴侣的渠道可以列出无数个，但关键是，你得是靠谱的人。脱单到底有多难？,"人际交往,恋爱,男朋友,找对象,脱单"
li-xing-6-47,赞同了回答,1590628355,2020-05-28 09:12:35,1250041227,为何很多人支持吃狗肉，而且义正言辞？,只要不是偷的、抢的、来路不明的，不是濒临灭绝的，也不是野生带病毒的，那必须可以吃啊。同理，鸡鸭鹅猪牛羊，通通一样。在当前社会、经济、生产力水平的环境下，如果法律不让吃上述条件下的这些动物，我认为是法律有问题。某一个团体通过社会舆论影响立法，今天不让吃狗，那明天可能就不让吃猪了，万物皆有灵，那是不是人类得绝食了？人类祖祖辈辈奋斗，才坐上了食物链的顶端，现在就因为某些可笑的原因拱手让出去？就像香港的环保组织，为了所谓的保护环境，大量的土地不让开发，造成房价奇高，人们没地方住，最终得利的是什么人大家心里都有数。有些人一辈子就只能当枪使。,"狗,狗肉"
li-xing-6-47,回答了问题,1590621482,2020-05-28 07:18:02,1250148328,十四岁小姑娘以后想做律师，请问现在做什么可以为当律师做铺垫？,小姑娘，你现在就先把你初中的课程学好，考个好高中，再考个好大学，上了法本，再说当律师的事，好吗？就好像盖楼一样，你将来无论想盖什么样式的大楼，它的地基，一定只是一堆钢筋水泥，和任何建筑都没区别。做好你现在该作的事，打好基础,"律师,律师行业,律师执业"
li-xing-6-47,赞同了回答,1590553980,2020-05-27 12:33:00,1246641396,孩子很大方喜欢试吃，应该教育孩子「不买就不要试吃」的观念吗？,问题出在你身上，而不是孩子身上。你可以在孩子试吃前与他约定，告诉他试吃的规则，鼓励他表达自己的感受、喜好与需求，并明确他能决定的范围――比如说我家是每次去超市，水果肉菜奶制品等他随便表达，喜欢什么买什么，还要他帮忙拿到推车里；但零食呢，我们每次只能买一样，并且要遵守吃零食的约定。你教孩子尊重试吃规则和提供服务的工作人员，我们大点还引入了环保概念，不会鼓励他反复去拿小包装盒。告诉他试吃就是看我们喜不喜欢这个产品，如果喜欢我们买大包装的带回家。皮姐夫的道德阈值比我略低一些，我是那种马大哈，会主动带孩子去尝试不同的味道。皮姐夫不太鼓励我们试吃，有次调侃我：将来我要跟小皮说，他小时候是吃百家摊长大。其实并没有啊，起码没有占便宜心理那种试吃。这个孩子也能分辨的。所以皮姐夫说我也无所谓，哈哈大笑。说到问题出在题主身上的另一层，是你不能勇敢拒绝推销，虽然孩子试吃了并且说喜欢，但你和4岁的孩子约定好了这个商品的购买权在父母而不在他的自由选择，那么你就可以大大方方地对服务员说：谢谢你，孩子挺喜欢的，我考虑一下（委婉）；我家还有，吃完了再来补；我家暂时不需要……说「不」在许多成年人来说，是很困难的事。不是哪个人单有的，题主明确自己内心里的纠结，看到自己与孩子各自承担的角色，和拥有的权限，就可以了。至于试吃的成本；以及人流会带来的潜在销售量等。这些帐，市场营销类的专业人士算得清清楚楚的，是非常成熟的行业了，精细到商品标的是2.99，而不是3.00，研究过每一位顾客在售货区目光停留的时长和高度……普通消费者不需要费心啦。慢慢地让渐大的孩子言行得体倒可以着力引导一下。@知乎亲子 ,"育儿,消费心理学,超市,消费观,试吃"
li-xing-6-47,回答了问题,1590553566,2020-05-27 12:26:06,1248626255,先脱单 还是先脱贫呢？,自己努力了，顺其自然，无愧于心就好啦！你纠结这个也木有用啊！你除了脱衣服脱鞋，你以为自己想脱那个就脱那个呢？,"恋爱,脱离单身,脱单"
li-xing-6-47,赞同了回答,1590479361,2020-05-26 15:49:21,1227020785,高二了，该扩大人际关系网，还是该好好学习？,以过来人的经验私以为，应该扩大人际关系网！很多人忽略了一个重要的事实，就是交朋友这件事，并不那么容易，并不是说想交朋友就能交到朋友，并不是你主动出击了就有结果。不可能的，这还得看缘分。高二正是一个人成长的最关键的阶段，这时候的同学还是很纯真善良的，如果这时候能交到几个知根知底的朋友，那以后的日子里绝不会过的太孤单。很多人说上了大学，同学也是纯真的，也是善良的。但是真的上了大学，你才发现，周围的同学都在忙自己的事，整个班聚在一块都不容易，更不用说还交朋友了。所以交朋友这种事一定要在高中完成，越早越好，这可是以后一辈子的财富。毕竟很多人大学毕业后才发现，大学的同学基本都不联系了，能联系的就高中那伙。而且很有可能你未来的另一半也在这里面。所以如果你不在高中交到朋友，以后可能会非常孤单。我看有些人说，应该先好好学习，以后厉害了，朋友主动找上门，这样自然朋友就多了，我觉得这话不是很靠谱，你厉害了，别人为什么找你做朋友，还不是图你身上的才，或者资源等等，你以为你人是真心要和你做朋友吗？别逗了，美女旁边人也很多，他们都是真爱吗？不过是图她的身子而已！一个道理。说得不好听一点，屎旁边苍蝇还多呢。有人要问了，如果时间都拿来交朋友了，万一耽误学习了怎么办？万一高考考不上大学怎么办？这有什么难的？可以靠超常发挥啊！不就一举两得了。原谅我，我一直很皮。,"学习,教育,个人成长,学习规划,好好学习"
li-xing-6-47,赞同了回答,1590479029,2020-05-26 15:43:49,1246911676,为什么小城市人的一个月三四千，笑的开开心心的，而大城市的我们努力拼搏累个半死，工资一两万但并不开心？,大城市没房没车没户口没安全感，每天一睁眼就是房租水电交通日常生活费，辛苦积点钱和土著一比就自惭形秽，更不用说娱乐休闲。。。。小城市有房有车有爸妈，工作不开心也敢裸辞，家里不缺双筷子，有事亲戚家人帮衬，商场没有上千上万的物件让你不敢入内，除了精神上少点共鸣，哪哪都是舒坦。。。明白了么，不是城市大小的问题，是自身实力和城市发展建设匹配度不和谐,"大城市,小城市,大城市情结"
li-xing-6-47,赞同了回答,1590478948,2020-05-26 15:42:28,1218459864,大家对河北邢台是什么印象?,邢台经济发展不行，省内唐山、石家庄、保定甩邢台一大截，城市规划也不如邯郸清晰，换句话说，邢台就像一座比较大的县城。就像毗邻首都的怀来县一样，邢台没有支柱性产业，基本上依赖的也就是房地产、资源型企业。在我很小的时候，新世纪广场、家乐园可以说是城市中心，特别是世纪广场的地球仪就是地标性存在。如今，这些地方已经衰落了，所销售的服饰物品大多是中老年风格，不潮。而像北国超市、天一城及新入驻的万达广场，并没有行成新的增长极，无论是人流量、客流量来说，还是服务配套设施，明显不符合这个城市的发展阶段和特点，建了这么多商场广场，但是人们的消费水平跟不上，这一点从邢台的社会平均工资水平就可以看出来。邢台的发展也是中规中矩，没有大动作，没有超前意识，只有在这届领导班子提出了“赶超式发展战略”，对污染治理力度很大，立下军令状退出全国倒十，但是在改善民生、培育经济方面没有看到多大努力，其实也很好理解，作为空降干部感情不深厚，没必要大折腾，平稳前进就是最符合他们利益的。邢台的教育、产业、环境都是最普通的，只有在19年引进了精英中学，也希望借此契机推动教育有一个大的跨越。邢台的人才引进政策，不多说了，不下本自然引不来金凤凰。邢台在很多方面都是应该向省会石家庄学习。旅游业发展，基本上是无法媲美其他地区的，没有一家5A级景区，稍微差不多的景区都在偏远山区，交通极为不便，外地游客自驾邢台不现实。最后说一下人文历史文化，邢台在追求城市化的进程迷失了自我，搞得没有任何特色，毫不夸张的说就是城乡结合部。近年来，兴建一大批公园文化园，实际就是小花小草小石头，乘凉可以，健身的需求就不能满足。在邢台的北部还有很多落后的乡村，磕磕绊绊的山路，六十年代的老房子，老人孩子很多，年轻劳动力没有。举全市之力建起的园博园，很大，很用心，也很平常，我疑惑50元的门票是为谁设定的。如果问为什么喜欢邢台，那应该就是因为我是土生土长的邢台人，生于斯长于斯，故土留恋。还有一点就是邢台的生活压力比较小，城区面积很小，像图书馆到达活泉这样，走走聊聊没多久。,"河北省,邢台"
li-xing-6-47,赞同了回答,1590471841,2020-05-26 13:44:01,1238725860,为什么现在有些女孩子不喜欢老实人？,因为老实人被污名化了，接下来我详细解释下为什么老实人会被污名化，以及是怎样被污名化的。首先纠正一个误区，老实人不等于蠢，不等于情商低，更不等于矮穷丑。恰恰相反，大部分老实人都是条件还不错的聪明人，所谓的老实其实是在心中仔细权衡利弊得失所定制出的理性行为准则。因为守序、理性、善于权衡，老实人相比那些为所欲为、爱折腾的人，更不容易上当吃亏。正是因为不容易上当吃亏这个属性，使老实人成为了各方势力针对的众矢之的。先说营销号和各类商家，肯定是要拼命诋毁老实人的，如果每只羊都呆在篱笆里，虎狼怎么有机会下嘴呢？只有你整天都在学习pua课程，整天都在拜师学艺，整天都在送礼物，整天都在请吃饭，才能贡献足够多的gdp啊。最后你的人生在粉红色的气泡中毁掉，他们的口袋在你的贡献中填满。再说一部分善于剥削别人的渣女，肯定也要视老实人为眼中钉的，毕竟没办法让她轻易榨取到情绪价值和物质利益。很多人认为渣女的狩猎对象是老实人？其实错了，渣女是狩猎对象主要是段位不如她高的渣男，因为真正的老实人相比于渣男，在短期内更精致利己，很难上钩，上钩的话对于只想占便宜的渣女来说利益也不大，她们本来就不是想找一个互相扶持共度一生的人。再说说渣男群体，抹黑老实人，能让女生在择偶时候排斥占大部分的老实男，进而更容易选择他们，况且渣男还能从那些来拜师的老实人身上割一波韭菜，这个就不说了。至于抹黑老实人的手段，则是暗中使用概念偷换，把一些个人能力问题说成是老实的问题。实际上，在个人能力等同的情况下，老实人永远会比渣男要占据优势。老实人里比较笨的没有异性缘，但又笨还又不老实的一般都被骗个倾家荡产；老实人里情商低的被骂不会说话，但情商低还又跳脱估计直接性骚扰；老实人里能力强、双商都高的，事业爱情双丰收，会活出有意义有价值的人生，而渣男里双商高、能力强的天天沉迷酒池肉林，在无数个女人之间浪费掉自己的青春。他们会用各方面条件优越的渣男去降维打击各方面不行的老实人，争取让老实人产生一种“我活得很失败，而失败的原因是因为自己老实”的错觉，老实人一旦相信了，开启了自毁模式，就会变成待宰的绵羊，进入由渣男渣女组成的“屠宰流水线”。为什么有些女孩子不喜欢老实人？这些女孩子当中，有一部分可能本来就是只想占便宜的渣女，当然不喜欢老实人了；另一部分，则是被“老实人羞辱”给洗脑了，误以为老实人就是矮、穷、丑、情商低、没情趣的代名词。而实际上，老实人应该指的是本分、保守、理性、精打细算、自尊心强、谨慎、自我约束力强、尽责性强、诚信可靠、不过分吹嘘自己、对另一半有一定要求的人，不老实的渣男基本上是反着来的。在智商、情商、家境、个人魅力等方面等同的条件下，老实人的长期伴侣价值完爆渣男，也能比渣男活出更美好幸福的人生。老实人要守住本心，千万别被乱七八糟的歪风邪气影响，因为你变成渣男之后，个人能力是不会提升的，一定过得比现在惨得多。对一个男人来说，人生最悲惨的事，莫过于放弃自己生命中的一切，去当一个渣男。,"女孩,老实,女孩心理"
li-xing-6-47,赞同了回答,1590470550,2020-05-26 13:22:30,1119276857,京津冀地区的人们在外省会有同乡或自己人的感觉吗？,谢，不会。河北各市都没什么联系，更扯的是可能下辖合县区都各自为营。除非真的是一个县区的，不然是没有老乡那个劲的。再说你一冀字，又穷又土还污染首都蓝天，你看人京津理你吗，找骂呢不是。,"北京,天津,区域发展,河北省,京津冀"
li-xing-6-47,赞同了回答,1590457173,2020-05-26 09:39:33,1246096088,为什么这么多人不喜欢昆凌？,感觉乖得有点不真实（也可能是我无法欣赏她的美德）,"娱乐,周杰伦（人物）,娱乐八卦"
li-xing-6-47,回答了问题,1590455485,2020-05-26 09:11:25,1246124812,河北存在感最低（最不出名）的城市是哪个？,我发现大部分答案写的都是我老家邢台。唉，这个确实也没必要打肿脸充胖子，邢台确实存在感很低。我觉得很多知友说得好，的确缺少城市名片。比如，石家庄是省会，这不用说了；沧州，武术之乡；邯郸，赵国都城，成语之乡；秦皇岛，旅游胜地；承德，避暑山庄；唐山，钢铁之都（当然，比较出名的还有唐山大地震，但是我熟悉唐山是因为那是我姥姥家）；衡水，衡水老白干、衡水中学；张家口，滑雪胜地，马上要办冬奥会了；廊坊，京津走廊，京畿重地；保定，曾经的省会，直隶总督府所在地......邢台.....以邢台为定语，你能想起来啥？邢台真的要啥没啥啊！你知道邢台也是“泉城”吗？邢台有“野狐泉、马跑泉、黑龙潭、小龙泉、狗头泉、达活泉.....”，但是因为发展重工业，地下水被超采，大部分都已经消失了，现在的一说“泉城”，肯定想到的是济南。邢台又称“卧牛城”，因为《梦溪笔谈》记载邢台城墙“郭进守西山时所筑，厚六丈，上可卧牛，俗呼为卧牛城。又传城西有栓牛石，东北有牛尾河，深丈许，阔五尺……”，可是因为特殊的历史时期，城墙全扒了，啥也木有啦！元朝著名的天文学家、水力学家，郭守敬是邢台人，当年在大都任都水监，整修了元大都到通州段的运河，命名为“通惠河”，估计很多北京人都不太清楚了（评论里还有知友列举了很多邢台名人，就不一一介绍了）。最近央视都有各地的旅游招商的广告，河北的广告，其中邢台的宣传语是“守敬故里，太行山最绿的地方――邢台”。（据我一个在市ZF工作的同学说，原来邢台的宣传语是“邢台――一个适合依偎的城市”，我想想也对，这么大的雾霾，俩人不挨着近一点，肯定相互看不见啊！）可是现在邢台最出名的是王宝强，比郭守敬有名；太行山南段基本都是石灰岩，存不住水，不咋绿，但是也别有一番滋味，大家有空可以来邢台的九龙峡看看，坐高铁从北京到邢台才不到俩小时，周末就能走个来回了。我记得我高中在邢台一中上的，我高中的时候，帮教务处整理每年各大学邮寄往我们学校的招生简章，好多信封上面都写着“刑台一中（收）”.......我艹，怎么在这里上学这么}得慌呢！说明很多地方连“邢台”俩字是哪两个都不知道！后来也有人提出过，邢台这个名字太不吉利，应该恢复邢台的古地名......可是恢复不了啊！因为邢台以前叫“顺德府”.....你还叫顺德，人家广东不干啊！对了，我祖籍河北省南宫市，我邢台的家在桥西区冶金北路，老乡们来自发刷存在感吧！嘛出名不出名的，咱自己乐呵乐呵得了！,"城市生活,城市,河北省,京津冀,河北旅游"
li-xing-6-47,赞同了回答,1590448386,2020-05-26 07:13:06,1245051724,在小县城事业编，越来越接受不了自己和北京同学的差距，怎么办？,不要刻意挑北京吃外卖挤地铁买不起房子这些来找心理平衡。我不太懂为什么那么多答案要去贬低这些在北京生活的人的努力去平衡题主的失落感。客观一点讲：1、没有做到TOP，普通的上班族和县城上班族在眼界和见识方面是有点区别的。如果生活环境对人没有影响，那么你们何必挤破头去搞学区房？去找关系进当地重点学校？但这一点也很残酷，拥有超越自身能力的见识，所得到的烦恼并不比题主的烦恼要少。2、北京的机会确实更多，如果努力加上自身能力，可以站大平台上，虽然北京房价很高，但也能买得起房子的。说得好像县城房价就跟收入持平似的。比例放大而已。而且个人发展也会更好。3、发际线是不可避免后缩，毕竟北京的人才济济。环境会推着在这里的人往前走的，就算是凤尾吧，也是要付出很多努力的。压力就在那放着，危机的意识什么时候都不能放下。4、讲真的，如果不是中介很黑，房东易变卦，租赁合约无法保护承租人。买个房子这个事并不是那么重要。没有京牌也不那么要紧。都什么年代了，打车不要太方便，还能省去停车的烦恼，堵车还能灵活切换交通工具。对于专注自身发展，能力提升和事业的人。这些都不是在北京生活的不幸的原因。如果非要拿那些出门几步到单位，下班溜狗，房子好几百平…这些来装饰自己的门面。那我想问：你们认为的眼界和见识是什么？那些物质的奢华在网上不都能看到吗？别人得到这些都不是凭空掉下来的，凭什么你受不了，就消失了呢？我不是想说有见识就一定高级优越，而是想说这些眼界见识不能让人拥有豁达的心态或者说更超越物质上的追求。其实没有什么意义的。每个人追求都不同。如果向往安逸一些的生活就摆正自己的心态就是了。如果也想去竞争那就沉下心来提升自己的竞争力。光问，也问不出答案。以上。于2020―5―25有些人自己删评论还要扣屎盆子给别人。清者自清。,"北京,事业单位,县城,事业编制"
li-xing-6-47,赞同了回答,1590392971,2020-05-25 15:49:31,1244009648,如何评价全聚德？已经衰落了吗？,请不要再拿国人当借口了说什么国人不喜欢重口味了，那你看看哪座城市不是烧烤、火锅和川湘菜当道？现在又是小龙虾和皮皮虾的季节，你看是吃清蒸的多，还是麻辣和十三香的多？说什么国人不爱吃油腻了，你看看烧烤店里，哪桌没有点五花肉和肥腰子？北京市大大小小的炸鸡店又有多少？又有几个网红食品里没有加奶油、咸蛋黄和蟹黄的？说什么国人不喜欢吃鸭子了，你看这几年周黑鸭、精武、煌上煌、绝味发展有多快？.要我说就一句话：高不成，低不就。既做不成高端餐饮，又不甘心做大众餐饮。忽然多了这么多赞，真是挺意外的我这个人吧，可能命里和“北京烤鸭”犯冲小时候，父亲去北京出差，临走前说：回来给我带全聚德烤鸭。之后的一个星期我就天天盼着，脖子伸的比鸭子还长。好不容易等到父亲回来，他说：买了两只真空包装的全聚德烤鸭，回来的时候落在出租车后备箱了。后来，我们一家去北京旅游，第一次去全聚德总店吃饭。烤鸭不是当着我们面片的，直接上了一盘鸭子，服务员说大厅人多不方便推车过来。可是这盘片皮鸭是温的，明显不是刚片的，和服务员反应后，服务员表示可以给我们换一盘。我妈留了个心眼，在鸭肉下面放了一小块芥末鸭掌，结果我从换来的烤鸭里又找到了那片芥末鸭掌。叫来了大堂经理，经理倒是态度不错，表示烤鸭不收钱，当面给我们片鸭子。然而，吃烤鸭的兴致已经荡然无存。以后，第一次约妹子吃大董烤鸭，烤鸭刚端上来，才吃第一片，就被老板电话叫回去开会，只能先结账，留妹子一个人吃。再后来，第一次和北京的朋友去吃利群烤鸭，提前预订的位子，服务员让我们等半个小时。这时候，来了几个韩国人，服务员立刻就说有位子把他们放进去了。我们和服务员理论，人家理直气壮的说：外国人优先。气的我们扭头就走，烤鸭又没吃成。回复里对利群有疑问的朋友可以看看这个北京本地人拍的探店视频：【利群烤鸭】来北京吃烤鸭，三招教你鉴别是否正宗！_哔哩哔哩 (b-b)つロ 干杯~-bilibili,"北京,美食,北京美食,北京烤鸭,全聚德"
li-xing-6-47,赞同了回答,1590389203,2020-05-25 14:46:43,1214373521,作为保定人，你有多爱保定？,这你让我咋说……前两年工作走遍全国大小不少城市，看到四个字（如下图）我就舒服，嗯。,"北京,保定,保定小吃,河北省,京津冀"
li-xing-6-47,赞同了回答,1590387559,2020-05-25 14:19:19,694108038,现在寒门出贵子有多难，家庭背景对一个人有多重要?,我所知道的农村，只是比城市里穷一些。学生也能上得起学。只要孩子愿意读书，几乎每个家庭都会让孩子一直读下去。如果寒门知道学习的重要性，家长把孩子的教育放在首位，天资聪颖的孩子基本上都会考上大学。只不过，很多家长认为赚钱更重要，让孩子早早辍学出门打工；很多家长宁愿玩手机游戏玩麻将赌博，也不愿意多陪孩子学习。穷，不是缺钱，而是缺思想。,"家庭,社会阶级,社会阶层"
li-xing-6-47,赞同了回答,1590383271,2020-05-25 13:07:51,1243304783,河北存在感最低（最不出名）的城市是哪个？,邢台又穷，人才又少，地儿又小。曾经出名的是拖拉机厂，塔林，三女坐像，达活泉狗头泉，卧牛，千年城墙，作为一个邢台人真没觉得三千五百年的历史留下来多少_(:з」∠)_城墙推了，塔林拆了，拖拉机厂拆了三女坐像拆了，达活泉狗头泉都不流了_(:з」∠)_南和白雀庵是观音娘娘出家的地方，但没宣传就一破败的寺，市区的开元寺又没去头，邢台的缸炉火烧现在就邢台没有_(:з」∠)_不过王杰馅火烧还是好吃！我爸和我从小吃到大，据说申请非遗了也没啥特色小吃，作为南宫和威县的混血儿只知到熏菜很好吃，内丘的八大碗也挺好吃，南和的饼卷肉也可以()教育搬衡水（但金华校服好好看！）作为曾经的工业城市现在厂子好多都黄了，邢钢好像也要搬迁，我奶奶工作过的长征厂都成遗址了七里河治理以后挺好的，在我小时候还是臭烘烘老死人的河沟子，现在又干净又好玩哦六六年的地震挺骇人，前几年发过洪水现在邢台发展红色旅游，希望可以增加点知名度,"城市生活,城市,河北省,京津冀,河北旅游"
li-xing-6-47,回答了问题,1590377179,2020-05-25 11:26:19,1244331158,感情上对不起一个人真的会有报应吗？,一看这个题目，想起来一个人，是我初中同班同学的妹夫，有点绕啊！我刚认识这个哥们儿的时候，我还不知道他是我初中同学的妹夫。因为我上初中的时候，知道我这位同学有个妹妹，但是那时候还小，也没有见过。我是通过我一个老家的朋友，认识的这个哥们儿，按他姓的首字母，就叫他小H吧！这个小H，长得瘦瘦高高的，模样有点小帅，还是很招小女孩喜欢。他也没有正式的工作，就是帮别人拍拍婚庆录像，回家自己剪剪片子，靠这个挣钱，等于就是一个个体户。某次我回老家，晚上和我朋友吃饭，小H和他媳妇也去了。饭桌上我们聊着聊着，小H的媳妇说自己叫王P，然后知道她有个哥哥叫王J，再往后聊，才知道这个王J，原来就是我初中同班同学王J。所以小城市就是这样，人口不多，聊着聊着天，就能发现，俩人共同的熟人特别多。关于小H的事，也是跟我朋友还有我初中同学闲聊的时候知道的。上面已经说过了，小H以前在婚庆公司工作，就是当婚庆摄影师，后来自己攒了点钱，自己买了套设备，单干了。小H本来就长得有点小帅，很多小女孩喜欢他，他也是有女朋友的，不是他现在的老婆王P，王P是小H前女友的闺蜜（所以说防火防盗防闺蜜呢）。虽然这个王P是我初中同学的亲妹妹，但是咱客观说，长得真的不好看，又矮又胖，还有点黑。但是为啥小H最后选择了她当老婆呢？对，一猜就猜到了，就是王P家里有钱！王P的爸爸，也就是我同学王J的爸爸，做工业淀粉，有自己的工厂，家里很有钱。小H家里条件不好，他父母都是我们那里一家汽车制造厂的，后来制造厂破产倒闭，他父母也下岗了。小H当年就狠心把自己女朋友甩了，跟王P在一起了。据王P亲口跟我说，小H的前女友被甩了之后很伤心，曾经哭着找到王P，求王P把小H让给她，但是王P也喜欢小H，两人就为了小H绝交了。俩人结婚以后，小H得意洋洋得跟我朋友说，虽然王P丑点，但是家里条件好，娶了她，自己能少奋斗好多年。但是，事情果真如他所愿吗？王P爸爸毕竟是生意人，阅人无数，小H是个什么样的人，他一看就知道。当年王P非要和小H结婚，王P的爸爸就说这小子不是个踏实肯干的人，就不同意。后来王P的爸爸实在拗不过自己的女儿，就想了一个折中的办法，让小H来自己的公司上班，一来看看小H的人品，二来也培养培养小H。于是，小H去了王P爸爸的公司，王P的爸爸让小H从基层销售做起，工作是每天全国各地出差去跑客户。果然，没干一个月，小H就嫌烦了，干销售很累，而且还得被人管着，觉得还是干个体拍婚庆自由，就从王P爸爸的公司辞职了。王P的爸爸知道以后，就对王P说：你要真的嫁给小H，那结婚以后，我给你们买一套俩居室的房子，算是陪嫁，其他的我就啥也不管了。你将来要是受穷挨饿，你别回来找我！（这是王J告诉我的，他一提他这个妹夫，也是一脸嫌弃）（说实话，王P的爸爸这么做，一是真的看不上小H，二是我们这保守北方的四五线小城市那真的是重男轻女，家里有儿子，家产还是留给儿子，女儿嫁出去就是外人了。）俩人刚结婚的时候，小H和王P过得还不错。为啥呢？因为正好赶上房地产泡沫那十年，房地产红火，与房地产相关的产业也红火。我们这个北方的小城市，矿产资源还是挺丰富，有煤矿、有铁矿，有石英矿，煤老板和矿老板很多，婚丧嫁娶的事也多。小H那时候活还是挺多的，经常扛着摄影机去拍婚庆，那些煤老板和矿老板出手也大方，每次结完账，还多给红包。那时候小H很得意，觉得自己有本事，不靠王P的爹，自己也能多挣钱。可是没多久，国家调控房地产，加上我们河北重点抓环保，我们当地很多小煤窑、小矿坑，要不就强制关闭，要不国家就收购了，那些煤老板和矿老板，都没有以前那么风光了。加上我老家是个小城市，市场也小，拍婚庆的越来越多，竞相压价，小H的挣得越来越少。也是听我朋友说的，俩人有钱的时候大手大脚，没钱的时候，就在家打游戏，不出门，不花钱。直到王P生完孩子以后，小H这才觉得生活压力大了。因为王P从小也不爱学习，也没啥学历，所以也没有什么正式工作，以前开过奶茶店，开过甜品店，最后都没干长了。现在小H赚钱要养活老婆孩子俩人，就觉得力不从心了。俩人日子不好过，王P她妈妈还是比较心疼闺女，平时偷偷给点私房钱，接济一下他们两口子，但是也不敢多给，因为家里也不是她妈当家。王P他爹那是跟本不管，嫁出去的姑娘泼出去的水，王P自己选的另一半，那你自己承担后果！小H无奈，为了养活老婆孩子，去北京打工了，还是在一家婚庆公司当摄像师，一个月8000。（有些人的脑回路就是不同，评论里还有人说他知道出来工作，是个“上进”青年.......我不知道怎么定义“上进”，家里穷的都快揭不开锅了，孩子都吃不上饭了，才知道出来打工，这叫“上进”？请问平时就很努力的青年，又叫啥青年？）小H在北京跟人合租地下室，每个月留3000，剩下5000打给王P，在我们老家那个小城市，勉强还是能度日。结果，祸不单行，今年刚上“新冠”疫情，小H工作的婚庆公司也没生意，小H就一直在家呆着。就上个星期，我跟我老家的朋友在微信上聊天，说到今年的情况，很多生意都不好做，就聊到小H了，我问我朋友说小H现在干嘛呢？我朋友说，小H啊~在街上卖熟食呢~唉，要不说，人算还是不如天算啊！虽然我不相信这世上有报应这回事，我觉得这事之间没啥必然联系，但是性格决定命运，我还是相信的。假如小H当年在王P她爸爸的工厂踏实干下去，说不定真的能“少奋斗几年”.....可是，他要真是个踏实的人，估计当年也不会甩了前女友，跟王P在一起了。,"内疚,愧疚感,感情纠葛"
li-xing-6-47,赞同了回答,1590373475,2020-05-25 10:24:35,1243433372,为什么律师执业证非要律所实习一年，不觉得极不合理吗？,作为律所主任，我明确说，不合理，合法（这是司法局明文规定，不能例外）。实习生没工资，律所只给点生活补贴，甚至于社保都得自己缴纳。自己拿到的案子也被律所剥削。有不少年青人，家庭条件差的，实习不起，只好选择去公司打工，做不成执业律师。想挂证实习，一般的关系，做不到。操蛋的是，很多律所，很坏，平时把你当打杂的使用，让你做案子，要把一个案子分成几段，让你只做一段，免得你全程做完一个案子，让你学会了办案。找个良心的律所，有个良心的指导律师，很重要啊。但愿你运气好，祝你好运吧！,"律师事务所,律师职业发展,律师执业"
li-xing-6-47,赞同了回答,1590373383,2020-05-25 10:23:03,1238333597,北京人、天津人、河北人的差异能有多大？,差别么？有钱的河北人在北京，有钱的天津人在天津，有钱的北京人在美国。,"北京,地域,天津,河北省,京津冀"
