1830111,388385412,li-zhi-hu-10-48
1830111,388385412,qing-zhu-27-30
1830111,375222163,Fang_Ke
1830111,347554066,kong-shawn
1830111,347554066,can-yue-10-59
1830111,290582475,lin-er-51
1830111,290582475,rolly2008
1830111,38968570,pual-hans
1830111,38968570,zhi-shang-zhong-xiao-jiu
1830111,24002624,li-hong-bo-24-22
1830111,24002624,shao-zi-an-6
1830111,324569933,modell
1830111,324569933,shu-ke-90-26
294638352,275343111,su-cheng-yu
294638352,275343111,zhi-yong-38-73
294638352,22238159,ze.ran
294638352,22238159,zhang-chang-sheng-93
294638352,38682660,gui-chen-ji-51
294638352,38682660,MIG29ovt
294638352,330095371,gongxingyingzhao
294638352,330095371,luo-ping-66-57
294638352,294222138,yu-yi-18
294638352,294222138,wang-shi-hui-47
294638352,333446439,wang-yi-54-95-10
294638352,333446439,georgeshi
294638352,354919014,chuan-chang-da-ren-a
294638352,354919014,bei-chen-qing-nian-84
294638352,359948448,zui-hou-de-xun-lu-ren
294638352,359948448,nan-de-hu-tu-83-91
294638352,47342018,he-ming-ke
294638352,47342018,tang-xing-xing-33-19
9mouth,361889198,jun-yi-92-89
9mouth,361889198,wang-hai-chuan-98-95
9mouth,360271321,badebird
9mouth,360271321,silence-38-52-5
9mouth,351224570,bai-hao-43-54
9mouth,351224570,la-fu-fei-er
9mouth,30985440,dazuifayanren
9mouth,30985440,pansz
9mouth,360403395,sfhuawen
9mouth,360403395,interesting_000
9mouth,367532685,deng-yuan-34-80
9mouth,367532685,yi-dian-wu-yi-shang-shu-fang
9mouth,352589270,a-li-ba-ba-23-79
9mouth,352589270,cao-ling-er-36
9mouth,359948448,zui-hou-de-xun-lu-ren
9mouth,359948448,nan-de-hu-tu-83-91
9mouth,32118626,si-wang-54
9mouth,36369210,bei-feng-2017
9mouth,36369210,wang-rui-en
9noon,290795431,ling-zi-jiang-huo-ha-ha
9noon,290795431,fooyeon
9noon,366158403,tian-yu-bai
9noon,366158403,valarmorghulis
9noon,280361181,yue-meng
9noon,280361181,bu-shi-zhang
9noon,50387992,tian-ke-le-2015
9noon,50387992,hang-hu-53
9noon,365532200,pi-a-qiu-zhi
9noon,365532200,bu-xiang-shang-diao-wang-cheng-en
9noon,361550749,miaomiaomiao
9noon,361550749,mao-qian-sui
9noon,28565635,fashionmei
9noon,28565635,li-carly
9noon,357316085,pi-bo-shi-tai-kong-jing-niang
9noon,357316085,youko-09-22
9noon,364411548,chi-ban-ling-tai-lang
9noon,364411548,teapoly
9noon,362346452,liu-xiang-xi-94
9noon,362346452,zhang-li-62-85
BlackCloak,21798529,ran-jia-nan-10
BlackCloak,21798529,wa-ka-ka-11-66
BlackCloak,353883119,long-ya-57-84
BlackCloak,353883119,wang-mou-94-45
BlackCloak,313036294,tsiangpo
BlackCloak,313036294,he-xi-46-30
BlackCloak,368029510,xiuquan-yu
BlackCloak,368029510,sun-yi-xuan-51
BlackCloak,368173703,mo-yi-25-36
BlackCloak,368173703,kun-yu
BlackCloak,368021297,zhang-ting-61-50
BlackCloak,368021297,gu-hun-ye-gui-24
BlackCloak,306472440,he-liu-hun-29-81
BlackCloak,306472440,li-meng-yang-88-86
BlackCloak,20011323,nova_s_lau
BlackCloak,20011323,zhoudegou
BlackCloak,313967521,qiu-zi-mo-27
BlackCloak,313967521,elarsh-69
BlackCloak,364890247,jasuki
BlackCloak,364890247,vikt
Mrcucumber,384712079,pu-hou-guang
Mrcucumber,384712079,liuyuyang420
Mrcucumber,381011221,zhang-chuang-37-61
Mrcucumber,381011221,duan-er-gou-59-87
Mrcucumber,49684783,ze.ran
Mrcucumber,49684783,cang-qiong-sheng-xia-12
Mrcucumber,380898009,deng-jian-79
Mrcucumber,380898009,ai-di-sheng-73-76
Mrcucumber,380957143,mali
Mrcucumber,378826047,bei-feng-2017
Mrcucumber,378826047,jiu-shan-song-zhu-20
Mrcucumber,369115185,su-li-shi-32-67
Mrcucumber,369115185,phil-coulson-22
Mrcucumber,19732277,superhistorical
Mrcucumber,376219953,nuo-mi-97-22-45
Mrcucumber,376219953,yu-hui-23-82
Mrcucumber,375221083,ba-men-ni-de-shi-tu
Mrcucumber,375221083,jasminemei
allentt,35527277,yangkunlong
allentt,35527277,yi-ban-31-72
allentt,52155581,yangkunlong
allentt,52155581,san-jie-ke-78
allentt,31549864,shmilypeter
allentt,31549864,zhang-fang-3-23
allentt,41295018,caoglish
allentt,358492381,cao-long-96-17
allentt,358492381,hua-er-52-64-6
allentt,24696823,zhang-jia-wei
allentt,24696823,be5invis
allentt,370068480,billiNapeD
allentt,370068480,bai-xiong-xiao-jie
allentt,374959683,kan-li-xiang
allentt,374959683,mao-xu-feng-6
allentt,308179641,cheng-hong-25-86
allentt,308179641,lai-youxi
art-bbq,20331441,hasuran-li
art-bbq,366097151,yixiao-shao-wen-rou
art-bbq,366097151,xu-xing-87-16
art-bbq,337047368,chen-qi-69-43-69
art-bbq,337047368,xiao-mo-gu-74-3
art-bbq,24516909,guan-shan-yue-44-39
art-bbq,24516909,douzishushu
art-bbq,28040922,chen-xiao-dong-66-91
art-bbq,28040922,victor-diors-guo
art-bbq,28261881,lao-ba-ping-ce
art-bbq,28261881,chai-sang-80
art-bbq,40586731,bao-zi-ge-18
art-bbq,40586731,han-di-63
art-bbq,304611853,ying-zhuan-xi-feng
art-bbq,304611853,bei-ju-cuddles
art-bbq,35236983,noplease
art-bbq,35236983,yanyz915
art-bbq,358308083,nian-zha-81
art-bbq,358308083,qing-sen-zhong-guo
boyesome,25143792,can-ji-shuang-kuan-chi-duan
boyesome,25143792,kou-mi-fu-jian-voice
boyesome,356134593,guo-tao-45-48
boyesome,356134593,chinz-81
boyesome,354444082,pang-men-zuo-dao-ppt
boyesome,354444082,wang-a-kai-kai-kai
boyesome,298332081,gu-bu-zhun
boyesome,298332081,wang-yu-duo-68
boyesome,367899211,xiao-wan-49
boyesome,367899211,lia-lia-9
boyesome,368746012,MIG29ovt
boyesome,368746012,cynthia_Syou
boyesome,368932802,lee-sam-60
boyesome,368932802,ni-men-zui-ai-de-xiao-xiao-bo
boyesome,359189927,yimuchengsen
boyesome,359189927,zou-yun-2-96
boyesome,23262546,fei-fei-90-94
boyesome,23262546,jac-tang
bunny1993,266691535,gao-leng-leng-61
bunny1993,266691535,yosoro-68
bunny1993,353389627,ban-zhi-yan-sama
bunny1993,353389627,wang-dong-11-39-82
bunny1993,22609488,liu-ke-tang-19
bunny1993,22609488,mu-zhi-84
bunny1993,364969460,QQ987299675
bunny1993,364969460,jimuchutianshu
bunny1993,364795757,jia-zheng-chao-70
bunny1993,309110772,zhiyifou
bunny1993,309110772,wo-bai-wang
bunny1993,25908339,yc-wang-77
bunny1993,25908339,jiaosanxian
bunny1993,28853639,zou-yu-94
bunny1993,28853639,wei-mou-ren-99
bunny1993,63894266,yang-fang-6-61
bunny1993,63894266,a-chu-20
bunny1993,338688699,gaoturbo
bunny1993,338688699,kevinhkc
chen-nuo-64,278388105,saionjirin
chen-nuo-64,278388105,wen-qiang-15-5
chen-nuo-64,370659319,ma-bu-bu-71
chen-nuo-64,370659319,tu-xiao-tu-72-40
chen-nuo-64,364337324,xi-yuan-tu-you
chen-nuo-64,364337324,kai-chang-46
chen-nuo-64,368665515,zhi-shi-fen-zi-68-1
chen-nuo-64,368665515,gou-xiong-5
chen-nuo-64,365703241,chen-huang-yu
chen-nuo-64,365703241,jesse-wu-82
chen-nuo-64,291326958,zhi-yin-233
chen-nuo-64,335633281,robotong
chen-nuo-64,335633281,zhizhiwuwuminiz
chen-nuo-64,20925976,changkh
chen-nuo-64,20925976,liu-yue-94-82
chen-nuo-64,328742505,xiao-ye-chun-feng
chen-nuo-64,364615647,timoktim
chen-nuo-64,364615647,li-kui-yuan-12
cyberknight,306004852,nay-gong-chu-meng
cyberknight,306004852,liuzhao-12-21
cyberknight,42337890,ge-zi-90-45-92
cyberknight,365631978,fu-shi-bo
cyberknight,365631978,leezix-24
cyberknight,304826602,ling-jian-94
cyberknight,304826602,rico415
cyberknight,288637781,tai-yang-cheng-suo-la-li-si
cyberknight,288637781,mo-fei-xiao-lu-34
cyberknight,41180951,cyberknight
cyberknight,41180951,404notfoundforever
cyberknight,359189927,yimuchengsen
cyberknight,359189927,zou-yun-2-96
cyberknight,267834076,hiroyuki3185
cyberknight,267834076,li-dao-xuan-27
cyberknight,361858084,andyyu-60
cyberknight,361858084,da-rou-74-50
cyberknight,52311734,yun-shui-shan-xin-qin-zi
cyberknight,52311734,zhangyingfeng
dan-ying-xiang,372223761,xiao-liu-95-62
dan-ying-xiang,372223761,darren-kim
dan-ying-xiang,371991580,qiu-ming-38-42
dan-ying-xiang,371991580,zhuangshilihe
dan-ying-xiang,25921758,lu-qiang-41-97
dan-ying-xiang,25921758,chen-yu-li-38-54
dan-ying-xiang,370858066,am141
dan-ying-xiang,370858066,yangcongban
dan-ying-xiang,370537511,zhang-san-18-87-26
dan-ying-xiang,370537511,shui-chuang-shi-shi-guang-ji-qi
dan-ying-xiang,370474807,excited-vczh
dan-ying-xiang,370474807,ruo-yu-76-18-2
dan-ying-xiang,26865567,ding-xiang-yi-sheng
dan-ying-xiang,26865567,li-wen-feng-20
dan-ying-xiang,359091518,she-hui-zhu-yi-jie-ban-ren-17-54
dan-ying-xiang,359091518,chen-te-58
dan-ying-xiang,367683843,chuanliang
dan-ying-xiang,367683843,a-li-ha-mi-gua-23
dan-ying-xiang,368091850,wanger-42-34
dan-ying-xiang,368091850,zhu-shu-shu-54
dazzle-11,20875474,4everandever
dazzle-11,20875474,li-chao-44-58
dazzle-11,372735832,hao-wai-13
dazzle-11,372735832,summer-tree
dazzle-11,267533064,ze.ran
dazzle-11,323681477,xiang-shi-40-17
dazzle-11,323681477,peng-jing-63-12-21
dazzle-11,373462346,timoktim
dazzle-11,373462346,vipzhangxiao
dazzle-11,45591108,liao-bu-qi-de-su-xiao-jie
dazzle-11,45591108,zhu-wan-39-24
dazzle-11,361889198,jun-yi-92-89
dazzle-11,361889198,wang-hai-chuan-98-95
dazzle-11,29533275,zhang-wei-23-26
dazzle-11,29533275,andrea-66-28
duneli,368928279,nowhere-momo
duneli,368928279,MovkDong
duneli,313967521,qiu-zi-mo-27
duneli,313967521,elarsh-69
duneli,354292918,jiehou1993
duneli,354292918,spacexi
duneli,319749491,jia-ming-zi-34
duneli,319749491,zhang-ye-bing-72
duneli,268530359,shuo-er-bu-er-19
duneli,268530359,bondgirl
duneli,367824868,ceciliacat
duneli,367824868,mymengya
duneli,368057966,ci-qing-shi-92
duneli,368057966,shan-yang-yue
duneli,365436105,duneli
duneli,365436105,xiuquan-yu
duneli,23594060,ming-dao-xie-zuo
duneli,23594060,houziliaorenwu
duneli,27888294,shu-ping-jun-23
duneli,27888294,kan-dian-ying-14
filosofist,53462739,liu-fu-yu-jie
filosofist,53462739,gu-xiao-nian-73
filosofist,53739770,ha_ha_jun
filosofist,53739770,wang-di-43-13
filosofist,24383478,chen-xi-91-95
filosofist,24383478,dandanjie
filosofist,43129532,duan-fei-fei-2
filosofist,43129532,zhou-yi-79-83
filosofist,33889180,shuzi625
filosofist,33889180,xia-si-gou
filosofist,364962648,wen-xi-15-16
filosofist,364962648,li-xiao-diu
filosofist,280304164,wen-sang-jun-81
filosofist,280304164,lin-xiang-81-2
filosofist,361889198,jun-yi-92-89
filosofist,361889198,wang-hai-chuan-98-95
filosofist,346966980,lu-yue-46
filosofist,346966980,yetingjun
filosofist,361979661,knowyourself-1
filosofist,361979661,qi-shu-ting
HarshNow,362587168,ryalone
HarshNow,362587168,dong-liang-85
HarshNow,364962648,wen-xi-15-16
HarshNow,364962648,li-xiao-diu
HarshNow,36263631,luwenyue
HarshNow,36263631,wang-yuan-liang-11-50
HarshNow,361939407,lu-guo-ning-jie
HarshNow,361939407,zhang-xiao-61-86
HarshNow,304419023,tang-yang-34
HarshNow,304419023,li-xin-yu-88-70
HarshNow,22032891,li-ang-22-87
HarshNow,22032891,hao-jiang-chuan
HarshNow,334577524,caocaofangfang
HarshNow,334577524,jiehou1993
HarshNow,364411548,chi-ban-ling-tai-lang
HarshNow,364411548,teapoly
HarshNow,322311715,daydayup224
HarshNow,322311715,su-nian-777
HarshNow,27033266,da-yan-tong-43
HarshNow,27033266,la-fei-er-bo-jue
RegulusW,376856281,pansz
RegulusW,376856281,yangzixu
RegulusW,379190253,sculab
RegulusW,379190253,10082
RegulusW,344276433,bi-xiao-tian-99
RegulusW,344276433,xing-yun-47-23-2
RegulusW,376816240,wangkaijian
RegulusW,376816240,hua-feng-17-37
RegulusW,356060765,sinan
RegulusW,356060765,chen-sai-sai-19
RegulusW,336033221,nian-zha-81
RegulusW,336033221,diu-ni-lei-mu-23
RegulusW,315958918,dyneon
RegulusW,315958918,kayla-70-78
RegulusW,378491038,qignxiaoxue
RegulusW,378491038,ke-li-si-10-78
RegulusW,358255792,cxyxiaowu
RegulusW,358255792,zhou-wei-qing-99
RegulusW,44990321,zhifeibj
RegulusW,44990321,Zzzzzed
RegulusW,364246107,hu-jing-yi-35
RegulusW,364246107,dong-liang-85
RegulusW,359972442,lin-lu-45
RegulusW,359972442,couch-photato
RegulusW,348003746,lzy135
RegulusW,348003746,li-jie-1-2
RegulusW,362532644,yi-ri-sang-ming-san-47
RegulusW,362532644,mei-tao-70
RegulusW,362612190,kellyweaver
RegulusW,362612190,yan-yu-xiao-10
RegulusW,30287927,feng-shou-ma-ma
RegulusW,30287927,heymom-ni-hao-ma
RegulusW,362277445,yan-zhi-lan-613
RegulusW,332743342,wu-meng-yao-86-86
RegulusW,332743342,geng-bu-xie
RegulusW,22626456,z-u-o-f-e-i
RegulusW,22626456,mymengya
RegulusW,363883532,wai-yao-10
RegulusW,363883532,hai-ba-zha-hai-27
StinkBC,329039767,ymeigong
StinkBC,329039767,tangtanghuihui
StinkBC,37758980,yao-chuang-yuan
StinkBC,37758980,he-lian-shui-shui-24
StinkBC,367745709,lu-wen-jun-65-53
StinkBC,367745709,liu-yan-14-92
StinkBC,310005987,111-74-6-6
StinkBC,364969460,QQ987299675
StinkBC,364969460,jimuchutianshu
StinkBC,23866990,matongxue
StinkBC,23866990,chen-hou-ming-19
StinkBC,21476991,xiao-bai-yi-tian
StinkBC,21476991,jian-xi-9-85
StinkBC,362923584,yan-chen-13-85
StinkBC,362923584,lin-ting2
StinkBC,353072809,chun-feng-shi-li-35-51-22
StinkBC,353072809,shaoshiyi
StinkBC,46421022,zhang-bo-99-37-66
StinkBC,46421022,ma-yue-si
W_HiPhone,19667849,tang-xiao-lei-40-45
W_HiPhone,19667849,xiong-ken-ni
W_HiPhone,358004276,li-zhi-lun-38
W_HiPhone,358004276,mile-99-24
W_HiPhone,370712385,chen-zi-you-57
W_HiPhone,370712385,ZASA
W_HiPhone,343210116,zengjiaplus
W_HiPhone,343210116,excited-vczh
W_HiPhone,365742695,teng-ye-83
W_HiPhone,365742695,mirai-99
W_HiPhone,374781631,ligong-10
W_HiPhone,374781631,ge-ge-zi-80-9
W_HiPhone,373325202,xiao-lin-kang-yao-ang
W_HiPhone,373325202,yi-dian-neng-yuan-51
W_HiPhone,370130220,siclin-11
W_HiPhone,370130220,dong-liang-85
W_HiPhone,361454400,fu-tu-34-37
W_HiPhone,361454400,zhang-zhong-92-84
W_HiPhone,374145103,fumi-16
W_HiPhone,308384808,wang-hui-guo-101
W_HiPhone,338107055,mazz-31
W_HiPhone,338107055,charliekou
W_HiPhone,267363191,lingyuzi-1984
W_HiPhone,267363191,ysrules
W_HiPhone,364411856,qing-lian-chang-ge
W_HiPhone,364411856,vigorous-cooler
W_HiPhone,359771867,yu-gan-2-60
W_HiPhone,359771867,jiang-cheng-94-43-78
W_HiPhone,339160469,xiao-ke-36-58
W_HiPhone,339160469,yuan-shan-he-feng-17
W_HiPhone,364436238,mu-zi-92-72-53
W_HiPhone,364436238,hu-xiu-wang
W_HiPhone,364504557,zhugejun
W_HiPhone,364504557,sjsjyg
W_HiPhone,63152124,morgancheng
W_HiPhone,63152124,martinwangjun
W_HiPhone,348476157,notosport
W_HiPhone,348476157,gao-xiang-24-90
ai-shui-lan-jue-de-kao-la,365308563,wu-can-tai-qiang-da-liao
ai-shui-lan-jue-de-kao-la,365308563,xiao-shen-zhi-63
ai-shui-lan-jue-de-kao-la,365908244,zuopin9hao
ai-shui-lan-jue-de-kao-la,365908244,bj365
ai-shui-lan-jue-de-kao-la,361471558,qing-shan-lei-luo
ai-shui-lan-jue-de-kao-la,361471558,hushenbenzun-27-77
ai-shui-lan-jue-de-kao-la,266574590,di-ka-nong-82
ai-shui-lan-jue-de-kao-la,266574590,wu-di-15-43
ai-shui-lan-jue-de-kao-la,265876873,qiu-xuan-2-84
ai-shui-lan-jue-de-kao-la,265876873,juan-xin-cai-40-60
ai-shui-lan-jue-de-kao-la,364045623,silithus
ai-shui-lan-jue-de-kao-la,364045623,dian-mo-liu-xiang
ai-shui-lan-jue-de-kao-la,364462238,sha-yu-de-ge
ai-shui-lan-jue-de-kao-la,364462238,moonmonster
ai-shui-lan-jue-de-kao-la,363797854,yijin-wan-zhao-hua-ping-sheng
ai-shui-lan-jue-de-kao-la,359098150,cao-ling-er-36
ai-shui-lan-jue-de-kao-la,359098150,sun-yan-88-83
ai-shui-lan-jue-de-kao-la,364411548,chi-ban-ling-tai-lang
ai-shui-lan-jue-de-kao-la,364411548,teapoly
andln,318902398,hou-lang-72
andln,318902398,zxsikao
andln,381954996,pansz
andln,381954996,erji1pin
andln,55730789,arthurchiu
andln,55730789,la-la-la-91-98-16
andln,34098079,pydatalysis
andln,34098079,julyedu.com
andln,50890909,you-ren-91
andln,50890909,heyi-heyi
andln,51901497,BlurRadius
andln,51901497,zhao-wei-feng-29
andln,32163206,lixinxing
andln,32163206,pythondict
andln,24590883,nangao
andln,24590883,kingname
andln,19969760,xiaozhibo
andln,19969760,dian-mo-liu-xiang
andln,66086829,cybill-zhao
andln,66086829,better-man007
ardelle-lee,357518645,ling-jiu-ruan-jian
ardelle-lee,357518645,dai-tu-zhe
ardelle-lee,358861765,bu-ai-chi-dou-jiao
ardelle-lee,67292765,ruiliu2017
ardelle-lee,67292765,huang-xiang-38
ardelle-lee,355932884,mo-yu-xiao-xuan
ardelle-lee,362705119,xiao-xiao-mu-yu-11
ardelle-lee,362705119,flower-shower
ardelle-lee,268072443,su-jian-lin-22
ardelle-lee,268072443,chenying-96-21
ardelle-lee,365079786,luvletter_
ardelle-lee,365079786,tanakamio
ardelle-lee,361374650,ze.ran
ardelle-lee,361374650,xiao-san-dao
bi-jia-xing-86,47917442,ldq-74-3
bi-jia-xing-86,364499990,sucktrees
bi-jia-xing-86,364499990,zhi-yu-liao-yun
bi-jia-xing-86,339887728,wen-jian-bin-19
bi-jia-xing-86,339887728,xi-you-xian-sheng-65
bi-jia-xing-86,25051841,qinghuan1211
bi-jia-xing-86,25051841,CookiesNee
bi-jia-xing-86,358037227,zhang-fei-hu
bi-jia-xing-86,358037227,liu-yu-yang-15-98
bi-jia-xing-86,358807015,zui-chu-86-86
bi-jia-xing-86,358807015,yan-yi-52-99-40
bi-jia-xing-86,347586255,ye-yu-yi-xing-chen-35
bi-jia-xing-86,347586255,zui-chu-86-86
bi-jia-xing-86,356351510,guwensir
bi-jia-xing-86,356351510,oooooutsider
bi-jia-xing-86,266808424,ben-75-29
bi-jia-xing-86,266808424,hu-xiao-li-24-93
cfc-23,398493429,cao-ling-er-36
cfc-23,398493429,chen-shi-tan-yin
cfc-23,397941801,jonice-21
cfc-23,398304016,huang-tong-39
cfc-23,398304016,jie-yu-nan-3
cfc-23,398325093,xie-heng-fei
cfc-23,398325093,koukou0113
cfc-23,398291832,nogirlnotalk
cfc-23,398291832,li-jian-qiu
cfc-23,398198927,hj-xx-50
cfc-23,398210515,bai-zhang-62
cfc-23,398210515,sunlight123
cfc-23,397996581,cao-ling-er-36
cfc-23,397996581,li-chang-hang
cfc-23,395087096,caduceus-62
cfc-23,395087096,zou-yu-tong-1
cfc-23,374432304,hu-jing-70-38
cfc-23,374432304,CommanderYCJiangS117
cfc-23,381157516,he-shuai-80
cfc-23,381157516,ying-ren
cfc-23,383528417,cao-ling-er-36
cfc-23,383528417,bo-wang-94
cfc-23,47942195,xihatravel
cfc-23,47942195,evey-chiang
cfc-23,366975392,xi-you-xian-sheng-65
cfc-23,366975392,ran-jian-luo-3
cfc-23,316600053,lin-yu-cheng-1
cfc-23,316600053,xiao-yin-chen-35
cfc-23,22081552,wei-ruan-ya-zhou-yan-jiu-yuan
cfc-23,22081552,kai-yuan-ge
cfc-23,21198690,xie-bing-cheng-2
cfc-23,21198690,sunner_sun
cfc-23,43472900,emmmm-43-93
cfc-23,43472900,tai-shi-zheng
cfc-23,353656488,yuzhangren
cfc-23,353656488,jakezhao1992
chaihahaha,363555350,zhenyue-qin
chaihahaha,363555350,sherwood-zheng
chaihahaha,50621094,patricius-flavius
chaihahaha,324692823,aobingJava
chaihahaha,324692823,hei-ma-cheng-xu-yuan
chaihahaha,372658488,wang-bu-er-96
chaihahaha,372658488,ran-randy-96
chaihahaha,365763395,cuking-88
chaihahaha,39438245,zao-hong
chaihahaha,39438245,a-lu-nuo
chaihahaha,40797593,shi-ai2ml
chaihahaha,40797593,richardkwo
chaihahaha,275420710,chen-de-fang
chaihahaha,275420710,lu-zhi-hong-7
chaihahaha,28974835,xie-zheng-xun-87
chaihahaha,28974835,zhang-gong-72-95
chaihahaha,53264339,dhchen
chaihahaha,53264339,la-ji-xiang-69
chaihahaha,275483267,gui-duo-da-lai-zuo
chaihahaha,275483267,UntW
chaihahaha,365151909,liu-yi-fan-68
chaihahaha,365151909,zhong-guo-yi-bu-dong-28
chaihahaha,366793777,Genius-Cirno
chaihahaha,366793777,wang-kui-yuan-33
chaihahaha,362982373,wu-zuo-fan
chaihahaha,362982373,xyan-xcllet
chaihahaha,360303367,li-zi-54-34
chaihahaha,360303367,huang-wei-17-47-45
chaihahaha,362411100,xiao-chong-zi-71
chaihahaha,362411100,ffancage
chaihahaha,270393195,pinglaohu
chaihahaha,270393195,jieducm
chaihahaha,366377531,chenqin
chaihahaha,366377531,liu-da-yang-84
chaihahaha,371508575,wangyunjie
chaihahaha,371508575,axi1111
chaihahaha,35747821,saogiao
chaihahaha,35747821,chadsir
chaihahaha,372300286,zhu-xiao-heng-87
chaihahaha,372300286,bj365
chaihahaha,367624608,Gh0u1L5
chaihahaha,367624608,tonyxty
chaihahaha,371524248,li-wen-feng-20
chaihahaha,371524248,chen-wen-bin-97-62
chaihahaha,372084582,xi-zui-xi-yao
chaihahaha,372084582,tuisi1919
chaihahaha,62482926,breaknever
chaihahaha,62482926,papipipa
chaihahaha,372538441,han-qing-chuan-20
chaihahaha,372538441,teng-xun-yi-dian
chaihahaha,370808643,patricius-flavius
chaihahaha,370808643,bart-lv
contra,30470182,ci-ci-59-74
contra,30470182,chao-ren-de-xiao-pi-pi
contra,364585397,xin-79-88
contra,364585397,pocca
contra,320505054,michael3145
contra,320505054,ninglin-52189
contra,361889198,jun-yi-92-89
contra,361889198,wang-hai-chuan-98-95
contra,324086314,zheng-han-95-95
contra,324086314,Dr.ziqian
contra,363833302,LosingBoy
contra,363833302,meng-de-er
contra,39332408,fred-zhang-90
contra,39332408,celes-chan
contra,355560585,ceciliacat
contra,355560585,yan.hoo
contra,20460630,Ling-chen-xiao-ji
contra,20460630,Comzyh
contra,364040506,GalAster
contra,364040506,contra
chaihahaha,319258164,zhang-xiao-hua-48-81-61
chaihahaha,319258164,gamer3
chaihahaha,333117056,imphynity
chaihahaha,333117056,li-li-jun-23-39
chaihahaha,364207489,ying-jian-gang-98
chaihahaha,364207489,stealther01
chaihahaha,312364737,reallysugar
chaihahaha,312364737,tokisakikurumi
chaihahaha,20984975,bc-are
chaihahaha,20984975,zhore
chaihahaha,309343971,chaihahaha
chaihahaha,309343971,qian-zhi-73-27
chaihahaha,21405835,giantchen
chaihahaha,21405835,huskyksuh
chaihahaha,361983129,kai-feng
chaihahaha,361983129,yi-wen-wei-dao
chen-cheng-53-43,35648714,qiongmanong
chen-cheng-53-43,35648714,qin-di-99
chen-cheng-53-43,363275770,li_ge_notes
chen-cheng-53-43,363275770,tie-shu-xin
chen-cheng-53-43,278722600,dalaoshi
chen-cheng-53-43,278722600,yin-you-feng-zi-44
chen-cheng-53-43,291448448,ccsing2018
chen-cheng-53-43,291448448,dalaoshi
chen-cheng-53-43,20058299,blank.so
chen-cheng-53-43,20058299,wenmiau
chen-cheng-53-43,359962155,deepphysics
chen-cheng-53-43,31407058,luo-min-jie
chen-cheng-53-43,31407058,ai-bo-ta
chen-cheng-53-43,19725590,matongxue
chen-cheng-53-43,19725590,cheka
chen-cheng-53-43,313064558,beansprout
chen-cheng-53-43,313064558,yu-zhong-qing-68-86
chen-cheng-53-43,25097993,loafer-527
chen-cheng-53-43,25097993,zhang-xiao-yu-45-67-74
chenyufavourite,268450915,ye-xu-37-75
chenyufavourite,268450915,ren-yan-zhe-49
damenpower,330095371,gongxingyingzhao
damenpower,330095371,luo-ping-66-57
damenpower,281850148,heng-dao-shang-wu
damenpower,281850148,wei-sheng-ting-nan
damenpower,19877055,huang-chuan-67-36
damenpower,19877055,waylight
damenpower,36234231,chen-qi-fan-86
damenpower,36234231,bearmax_cathero
damenpower,360150331,shi-xiao-niu-20
damenpower,360150331,zhu-tong-53-9
damenpower,53548397,ou-yang-li-zi-3
damenpower,53548397,na-mi-fan-lv-xing
damenpower,363819089,nicledong
damenpower,363819089,pinglaohu
damenpower,41555511,san-mao-you
damenpower,41555511,qi-ji-guo-ji-lu-xing-she
damenpower,37641054,zu-zu-che-38
damenpower,37641054,yiqu-ri-guang
damenpower,31268784,iyamusic
damenpower,31268784,kamilia-34
donw,354444082,pang-men-zuo-dao-ppt
donw,354444082,wang-a-kai-kai-kai
donw,27033144,yi-tiao-89
donw,27033144,su-pei-xian
donw,373769371,bkkkkkkkkk
donw,373769371,zi-ling-83-59
donw,372367930,yuhang-liu-34
donw,372367930,ai-shang-7-13
donw,38632401,chongdonghashiqi
donw,38632401,ming-xiang-xing-qiu-13
donw,371703053,hu-fa-er-wang
donw,371703053,liu-xiao-ming-20-35
donw,368511241,chenyunf
donw,368511241,xie-xiao-feng-81-26
donw,50608844,song-xin-yu-54-73
donw,50608844,xiao-yang-pai-72
donw,324702775,dxww
donw,324702775,bei-chen-qing-nian-84
donw,358571551,cha-er-si-wo-si-zuo-zhe-fu-wu
donw,358571551,wang-yi-14-48
duqusheng,368632346,guo-zi-xiao-xin-73
duqusheng,368632346,wang-la-ma-12
duqusheng,28518260,zhong-jun-ai-guo-hong-cheng-chou-8
duqusheng,28518260,disv
duqusheng,349720660,gu-ren-gui-62
duqusheng,349720660,jia-ju-po-pi-wang
duqusheng,348488122,wo-ye-ke-yi-bian-cheng-guang
duqusheng,359706401,silentwind-62
duqusheng,359706401,xu-cheng-8-94
duqusheng,61334193,zhu-hui-15-53
duqusheng,61334193,jiang-he-49-32
duqusheng,366685552,pearlphoenix
duqusheng,366685552,qian-qian-1-30-94
duqusheng,268066616,wei-da-55-31
duqusheng,268066616,tiramisukim
duqusheng,366636700,xu-cheng-8-94
duqusheng,366636700,wu-zheng-fu-72
duqusheng,350859495,xiao-ke-ai-7-70
duqusheng,350859495,jiu-men-ti-du-er
duyongbo,364035162,james-62-64-45
duyongbo,364035162,xiao-xiong-si-yang-yuan-38
duyongbo,39771166,gong-sun-si
duyongbo,39771166,tu-te-chan-59
duyongbo,355286110,fittimeji-ke-yun-dong-39
duyongbo,355286110,dan-yi-li-4-44
duyongbo,362269092,gloria0409
duyongbo,362269092,qi-ming-44-92
duyongbo,35781319,tokenhu
duyongbo,35781319,xiao-yu-90-47-7
duyongbo,357808121,shi-liu-67-84-98
duyongbo,358861765,bu-ai-chi-dou-jiao
duyongbo,27044501,huang-zhuo-86-48
duyongbo,27044501,cendy-92-66
duyongbo,292443025,li-ang-71-5
duyongbo,292443025,jian-yi-4-ni
duyongbo,361253258,xian-sheng-26-17-86
duyongbo,361253258,jiao-zhi-93-27
duyongbo,20318045,san-nian-zhi-yue
duyongbo,20318045,xu-da-yang-47
duyongbo,310431658,a-niu-80-2
duyongbo,310431658,xi-yigao
duyongbo,356286926,cherryyoko
duyongbo,334316502,lensing-weak-25
duyongbo,334316502,tonyzheng93
duyongbo,351703265,mr-jiu-zhou-qi-huang
duyongbo,351703265,hua-dao-bu-de-niao-2
duyongbo,351847108,zi-ying-94-40
duyongbo,351847108,damon-9
duyongbo,49502870,wen-dan-24
duyongbo,49502870,mu-jiang-xiao-qiang
duyongbo,44951177,jin-da-zhao-27
duyongbo,44951177,zhou-cheng-72
duyongbo,334730677,ng-ng-12-38-12
duyongbo,334730677,gui-yu-zi-you
duyongbo,356480157,sun-yan-88-83
HomerWong,373079426,lu-ci-xin-57
HomerWong,373079426,qing9527
HomerWong,372155781,by-li-98
HomerWong,372155781,naturefitting
HomerWong,367683843,chuanliang
HomerWong,367683843,a-li-ha-mi-gua-23
HomerWong,371351587,tian-yan-cha-40
HomerWong,371351587,cheng-nan-3-81
HomerWong,367106937,jian-kang-zhong-guo
HomerWong,367106937,ding-xiang-yi-sheng
HomerWong,365900362,bing-deng-xing
HomerWong,365900362,st-ya-li-shan-da
Zampeli,39238915,catchen
Zampeli,39238915,rena-36
Zampeli,366523297,divinites
Zampeli,366523297,qian-xie-ying-73
Zampeli,358023073,er-ge-ping-che
Zampeli,358023073,xiong-jun-wei
ai-shi-jie-83-60,365558965,dong-chi-pao
ai-shi-jie-83-60,365558965,a-li-luo-ni
ai-shi-jie-83-60,365566982,ai-shi-jie-83-60
ai-shi-jie-83-60,365566982,samantha-12-39
ai-shi-jie-83-60,365403422,xie-yu-58-75-5
ai-shi-jie-83-60,365403422,merlyn_y
ai-shi-jie-83-60,330504792,shen-jing-da-tiao-de-momo
ai-shi-jie-83-60,330504792,he-bi-ting-shuo
ai-shi-jie-83-60,364209428,yun-xi-92-80-20
ai-shi-jie-83-60,364209428,culycc-31
ai-shi-jie-83-60,364209641,xiao-ruo-37-80
ai-shi-jie-83-60,364209641,ai-shi-jie-83-60
ai-shi-jie-83-60,364210351,wo-wei-tao-zi-feng
ai-shi-jie-83-60,364210351,lei-meng-de-he-xiao-luo-li
ai-shi-jie-83-60,364061058,ai-shi-jie-83-60
ai-shi-jie-83-60,364061058,zi-luo-lan-yong-heng-hua-yuan-90
ai-shi-jie-83-60,364037851,zhao-xiao-he-91
ai-shi-jie-83-60,364037851,xia-xian-zhi-yue
akira-akimoto-55,29297252,chen-zhi-hao-84-26
akira-akimoto-55,29297252,an-shou-dao-91
akira-akimoto-55,367501009,vigorous-cooler
akira-akimoto-55,367501009,zhi-shi-fen-zi-68-1
akira-akimoto-55,366680483,mei-gou-ju-bao-liao-wo
akira-akimoto-55,366680483,navisli
akira-akimoto-55,339170050,lee-lee-1998
akira-akimoto-55,339170050,justin-skyman
akira-akimoto-55,365757601,tiancaomei
akira-akimoto-55,365757601,JIMMY666
akira-akimoto-55,353178547,wang-xi-65-12
akira-akimoto-55,353178547,qiao-jia-xi-2
akira-akimoto-55,363599383,navisli
akira-akimoto-55,363599383,wu-hai-25
akira-akimoto-55,364494717,MarryMea
akira-akimoto-55,364494717,kai-chang-46
akira-akimoto-55,364411548,chi-ban-ling-tai-lang
akira-akimoto-55,364411548,teapoly
akira-akimoto-55,364544964,wjn2016
akira-akimoto-55,364544964,edream-peng
an-sen-yao-49,64098717,cipherwy
an-sen-yao-49,64098717,chong-he-jun-87
an-sen-yao-49,338705766,zhang-bo-hong-26
an-sen-yao-49,338705766,gong-dao-zheng
an-sen-yao-49,322649669,hirohito-showaer-shi
an-sen-yao-49,322649669,feng-yi-xuan-48-96
an-sen-yao-49,49307108,chang-tian-zhe
an-sen-yao-49,49307108,dong-gua-da-wan-zi
an-sen-yao-49,25528331,dai-zong-66
an-sen-yao-49,25528331,zhangyingfeng
an-sen-yao-49,361106821,srili
an-sen-yao-49,361106821,a-yan-11-8
an-sen-yao-49,364077301,kagurazakalinxi
an-sen-yao-49,364077301,mansour-12
an-sen-yao-49,322068960,wang-xin-di-88
an-sen-yao-49,322068960,li-jia-lun-84
an-sen-yao-49,36621372,weng-jian-hong-42
an-sen-yao-49,36621372,cxthu
an-sen-yao-49,283762516,nan-de-hu-tu-83-91
an-sen-yao-49,283762516,cometu
an-sen-yao-49,22762664,Ferrum_Chem
an-sen-yao-49,22762664,qian-chen-wang-shi-49
an-sen-yao-49,41777872,pinelliaternata
an-sen-yao-49,41777872,du-gu-xiao-xin
an-sen-yao-49,65281224,an-ding-yi-yuan-zai-de-sheng-men-ii
an-sen-yao-49,65281224,pw0x
an-sen-yao-49,352349131,mei-ming-zi-bu-ke-yi-ma
an-sen-yao-49,352349131,lin-he-12-5
an-sen-yao-49,292173834,tai-kuang-pi-jiu-pi-fa-shang
an-sen-yao-49,292173834,tian-yu-han-98
an-sen-yao-49,362977655,chong-he-jun-87
an-sen-yao-49,362977655,pneo-kotoba
an-sen-yao-49,364558652,ku-er-wo-ta-sen-lin
an-sen-yao-49,364558652,wu-tao-54-20
an-sen-yao-49,64352991,qiancai_saidong
an-sen-yao-49,64352991,hellotojinge
an-sen-yao-49,362751879,yi-tai-lang-37
an-sen-yao-49,362751879,jun-zi-hao-qiu-yang
an-sen-yao-49,46620287,vy-vy
an-sen-yao-49,46620287,waon-chin-lae
arjuna,366377531,chenqin
arjuna,366377531,liu-da-yang-84
arjuna,281845730,Exodus_van_Gains
arjuna,281845730,ihaozi
arjuna,366181025,zhang-zhen-tong-48
arjuna,366181025,arjuna
arjuna,363153544,adam-sun-28
arjuna,363153544,gu-zhi-han-33
arjuna,364795757,jia-zheng-chao-70
arjuna,364777934,tsyven-tsha
arjuna,364777934,gu-xi-yuan-69
arjuna,364308590,arjuna
arjuna,364308590,need4steed
arjuna,364699451,maigo
arjuna,364699451,long-long-59
arjuna,361468610,sichagao
arjuna,361468610,zacharius
arjuna,36369210,bei-feng-2017
arjuna,36369210,wang-rui-en
ban-qing-zhai,371216237,huan-qiu-shi-bao-1
ban-qing-zhai,371216237,dong-jia-app
ban-qing-zhai,370139905,wang-hao-54-71
ban-qing-zhai,370139905,genericdrugs
ban-qing-zhai,270944815,zhubo0716
ban-qing-zhai,270944815,bu-xi-zhou-ke
ban-qing-zhai,370613021,Fang_Ke
ban-qing-zhai,370613021,mo-yi-25-36
ban-qing-zhai,367539143,si-yue-99-57-37
chen-di-19-39,365136378,zhuangzexi
chen-di-19-39,365385457,shao-nian-shang-xue-yuan
chen-di-19-39,365385457,zhang-tian-tian-8-88-28
chen-di-19-39,365314525,zhuanzhizhuangbi
chen-di-19-39,365314525,sean-yenan
chen-di-19-39,276297249,ao-luo-zhen
chen-di-19-39,276297249,zhang-san-34-75
chen-di-19-39,364969460,QQ987299675
chen-di-19-39,364969460,jimuchutianshu
chen-di-19-39,364954873,tedcjk
chen-di-19-39,364954873,nie-fei-qiong
chen-di-19-39,364411548,chi-ban-ling-tai-lang
chen-di-19-39,364411548,teapoly
chen-di-19-39,58895697,zhou-jun-84-47
chen-di-19-39,58895697,hustsunny
chen-di-19-39,283762516,nan-de-hu-tu-83-91
chen-di-19-39,283762516,cometu
chen-di-19-39,49502870,wen-dan-24
chen-di-19-39,49502870,mu-jiang-xiao-qiang
chen-fu-sheng-38,356537869,SiobhanChristine
chen-fu-sheng-38,356537869,zhai-nan-3-56
chen-fu-sheng-38,374001183,yi-qu-er-san-li-10
chen-fu-sheng-38,374001183,ssertp
chen-fu-sheng-38,354444082,pang-men-zuo-dao-ppt
chen-fu-sheng-38,354444082,wang-a-kai-kai-kai
chen-fu-sheng-38,284737928,bingo-liu-66
chen-fu-sheng-38,355774792,tong-yi-91-92
chen-fu-sheng-38,355774792,nan-xi-xi-67-39
chen-fu-sheng-38,361796127,wang-li-yang-35
chen-fu-sheng-38,361796127,meng-zhao-zuo-lian
chen-fu-sheng-38,338060849,gai-gai-gai-zhao-huan-shi
chen-fu-sheng-38,338060849,gang-han-jiao-qiao-pan-shi-hy
chen-fu-sheng-38,361458647,shuang-chi-xuan-feng-ak
chen-fu-sheng-38,361458647,yang-ke-wei-85
chen-fu-sheng-38,364942192,chen-fu-sheng-38
chen-fu-sheng-38,364942192,ou-wen-ruo-gu
chen-fu-sheng-38,31840762,mrdayu
chen-fu-sheng-38,31840762,mj-liu-87
chen-lan-xiang-76,364795757,jia-zheng-chao-70
chen-lan-xiang-76,302015138,hou-chuang-15
chen-lan-xiang-76,302015138,mo-fan-24-32
chen-lan-xiang-76,364725975,kai-kai-jun-61
chen-lan-xiang-76,364725975,alexkillers
chen-lan-xiang-76,361889198,jun-yi-92-89
chen-lan-xiang-76,361889198,wang-hai-chuan-98-95
chen-lan-xiang-76,362341600,pu-xu-he-45
chen-lan-xiang-76,362341600,echo-38-83-21
chen-lan-xiang-76,364541514,peng-hu-wan-56
chen-lan-xiang-76,364541514,mu-guo-guo-11-63
chen-lan-xiang-76,362394556,soundgirls
chen-lan-xiang-76,362394556,kao-la-70-73
chen-lan-xiang-76,364192724,vtnlztzjp
chen-lan-xiang-76,364192724,cthzmdgeh
chen-lan-xiang-76,305577638,zhen-zhen-27-26
chen-lan-xiang-76,305577638,ren-jun-85-24
chen-lan-xiang-76,20464240,mian-tan-de-hu-luo-bu-92
chen-lan-xiang-76,20464240,vivian5010
chen-yang-90-21,383366810,pumpkinsu
chen-yang-90-21,383366810,TankTale
chen-yang-90-21,387426321,yu-gong-you-zi-29
chen-yang-90-21,387426321,hu-miao-gu
chen-yang-90-21,384589307,ffancage
chen-yang-90-21,384589307,dong-liang-85
chen-yang-90-21,26886754,cai-zhou-lin
chen-yang-90-21,385244212,wei-yijin-you-de-gua
chen-yang-90-21,385244212,xiamenda
chen-yang-90-21,387146249,zou-yu-tong-1
chen-yang-90-21,387146249,yu-gong-you-zi-29
chen-yang-90-21,380921502,duo-bing-zheng-chang-tang
chen-yang-90-21,380921502,chen-gen-xing
chen-yang-90-21,26630283,xiepanda
chen-yang-90-21,26630283,zhang-ji-ju-50
chen-yang-90-21,370505304,zhizhiwuwuminiz
chen-yang-90-21,370505304,chen-yang-90-21
chen-yang-90-21,386299114,chen-yang-90-21
chen-yang-90-21,386299114,yu-shi-bu-jue-ke-da-ya
chen-yang-90-21,19934954,zhang-wei-23-26
chen-yang-90-21,19934954,xuan-yuan-yu-77
chen-yang-90-21,43726823,jud-friedrich
chen-yang-90-21,43726823,luoxiaociutopia
chen-yang-90-21,66179668,liu-te-zuo
chen-yang-90-21,66179668,changjie78
chen-yang-90-21,363778592,Fang_Ke
chen-yang-90-21,363778592,lao-bu-7-56
chen-yang-90-21,283762516,nan-de-hu-tu-83-91
chen-yang-90-21,283762516,cometu
chen-yang-90-21,62934957,wang-tao-tao-91-97
chen-yang-90-21,62934957,maximilianofshanghai
chen-yang-90-21,363752815,xiaoming2019
chen-yang-90-21,363752815,wu-hang-42-53
chen-yang-90-21,20359480,wang-hong-yu-50-73
chen-yang-90-21,20359480,ke-ke-48-68-70
chen-yang-90-21,348764038,divinites
chen-yang-90-21,348764038,tuisi1919
chen-yang-90-21,356436046,ji-yu-1-82
chen-yang-90-21,356436046,fan-xi-di
cheng-yi-ping,367702322,fdsa1
cheng-yi-ping,367702322,cai-xin-wang-95
cheng-yi-ping,368020992,tian-yan-cha-40
cheng-yi-ping,368020992,wang-jing-68-42-90
cheng-yi-ping,367875257,mo-chi-32
cheng-yi-ping,367875257,yue-long-men-3
cheng-yi-ping,367643109,yuan-wu-bei-xi-23
cheng-yi-ping,367643109,mu-zhi-lu-52
cheng-yi-ping,367505003,vigorous-cooler
cheng-yi-ping,367505003,sarah.zhang
cheng-yi-ping,367682152,jian-kang-zhong-guo
cheng-yi-ping,367682152,nogirlnotalk
cheng-yi-ping,326030026,wang-hong-ye-8
cheng-yi-ping,364411548,chi-ban-ling-tai-lang
cheng-yi-ping,364411548,teapoly
cheng-yi-ping,364427217,gong-ke-75
cheng-yi-ping,364427217,m3xiao-mo-gu
cheng-yi-ping,359737298,zhao-xian-30-86
cheng-yi-ping,359737298,jin-yi-xiao-27
chfwy,370670277,er-guo-tou-nv-hai
chfwy,370670277,paperccbcha-cha-bai-lun-wen-cha-zhong
chfwy,375017200,duan-fu-zi
chfwy,375017200,jing-wen-kai
chfwy,375222163,Fang_Ke
chfwy,303917671,tan-suan-qing-ma
chfwy,303917671,zhang-zhu-12
chfwy,371511579,fa-li-54
chfwy,371511579,wang-yue-yang-16
chfwy,370304706,chang-le-xiao-gong-ju
chfwy,370304706,ray-27-56
chfwy,287432595,chfwy
chfwy,287432595,ixoix
chfwy,368665515,zhi-shi-fen-zi-68-1
chfwy,368665515,gou-xiong-5
chfwy,368699888,corbicula
chfwy,368699888,yuzhangren
chfwy,368189358,chfwy
chfwy,368189358,maozixiansheng
chi-ban-ling-tai-lang,290329596,xiang-tian-ying
chi-ban-ling-tai-lang,290329596,zhan-hu-ju-shi-xi-sheng
chi-ban-ling-tai-lang,34275739,xiang-tian-ying
chi-ban-ling-tai-lang,34275739,luo-zhi-hu-44-27
chi-ban-ling-tai-lang,366049775,threeshi-rui
chi-ban-ling-tai-lang,366049775,wu-ai-bu-ai-71
chi-ban-ling-tai-lang,365206097,gao-lin-54-88
chi-ban-ling-tai-lang,365206097,zhuang-jun-lang
chi-ban-ling-tai-lang,38411883,yu-rong-40-1
chi-ban-ling-tai-lang,38411883,mikewolfwoo
chi-ban-ling-tai-lang,362207989,suyikong-90
chi-ban-ling-tai-lang,362207989,yuan-xing-13-20
chi-ban-ling-tai-lang,364411548,chi-ban-ling-tai-lang
chi-ban-ling-tai-lang,364411548,teapoly
chi-ban-ling-tai-lang,20568811,zhao-yin-long-jj
chi-ban-ling-tai-lang,20568811,xiong-zhao-ying
chi-ban-ling-tai-lang,30252733,jiao-zi-you-fang-zhang-xian-zhong
chi-ban-ling-tai-lang,30252733,li-ya-ting-19-27
chi-ban-ling-tai-lang,327175836,zhong-zi-bin-63
chi-ban-ling-tai-lang,327175836,tuisi1919
choc_aoi,314609358,bei-bi-de-wo-19-47
choc_aoi,314609358,ai-hen-jie-liang-qing-29
choc_aoi,368746012,MIG29ovt
choc_aoi,368746012,cynthia_Syou
choc_aoi,344361762,yu-yi-li-93
choc_aoi,344361762,yang-zhi-yuan-66-21
choc_aoi,367219889,jian-kang-zhong-guo
choc_aoi,367219889,abby-71-23
choc_aoi,296169427,baibelen
choc_aoi,296169427,dabaibao
choc_aoi,23561870,game-jun
choc_aoi,23561870,annn-62
choc_aoi,307611618,bang-bo-ke-ji
choc_aoi,307611618,av-av-45
choc_aoi,365263332,bu-run-dao-chang
choc_aoi,365263332,wmys
choc_aoi,24560066,hongsang
choc_aoi,24560066,qin-qin-98-66
choc_aoi,335825565,chen-cui-yun-72
choc_aoi,335825565,luoqiujun
15605623529,367390041,cao-zi-jian-69-88
15605623529,367390041,zhao-666-888
15605623529,349619531,vigorous-cooler
15605623529,349619531,niu-meng-24-78-78
15605623529,367664766,long-quan-xiao-zi-75-11
15605623529,367664766,huan-zhu-nai-nai
15605623529,46547835,bu-er-jia-jie-mo
15605623529,46547835,shut-24-91
15605623529,294515448,yuyu-67-10-37
15605623529,294515448,feng-yi-zhen-de-ai-li-ya
15605623529,364062593,wan-shi-vivian
15605623529,364062593,bie-cheng-zhao-ben-da-wang-kan-la
15605623529,307611618,bang-bo-ke-ji
15605623529,307611618,av-av-45
15605623529,364916001,chen-zi-yang-7
15605623529,364916001,li-wen-feng-20
James-Jaw,319416565,liu-huan-10-90-48
James-Jaw,67013987,scofield-42-44
James-Jaw,67013987,xu-wen-zhao-47
James-Jaw,346509006,lu-yi-shan-41
James-Jaw,346509006,zhang-da-shen-44-10
James-Jaw,351703265,mr-jiu-zhou-qi-huang
James-Jaw,351703265,hua-dao-bu-de-niao-2
James-Jaw,337090932,wan-xiong-a-xiong
James-Jaw,337090932,xing-yun-58-25
James-Jaw,284712468,1104zhen-de-shi-dao-mei-de-yi-tian
James-Jaw,284712468,li-ai-ai-65
James-Jaw,31268095,398849881
James-Jaw,294365136,shi-mo-ge-bu-wei-shi-yao-55
James-Jaw,294365136,myrror
James-Jaw,53047109,susana-leng
James-Jaw,53047109,miao-da-bai-50
James-Jaw,61667833,zhao-shu-wei-68
James-Jaw,61667833,xiao-mi-zhou-1-33
JiaGe,353193537,fan-su-wang-lai
JiaGe,353193537,sui-yu-er-an-76-4-27
JiaGe,48438850,CulturedMeat
JiaGe,48438850,yi-ran-14-90
JiaGe,365757601,tiancaomei
JiaGe,365757601,JIMMY666
JiaGe,365389027,chen-yi-jie-59-12
JiaGe,365389027,ares-tran
JiaGe,351085526,zhou-liang-3-21
JiaGe,351085526,ye-gou-zi-nuan-ye-mao-zi
JiaGe,38356858,zhang-fang-3-23
JiaGe,38356858,songjian
JiaGe,50594957,zhangkangkang
JiaGe,50594957,li-jian-qiu
JiaGe,345387686,piao-de-sheng
JiaGe,345387686,EulerAI
JiaGe,364529317,mi-yi-37-72
JiaGe,364529317,wu-li-kan-xue-61
JiaGe,363844717,lin-cuo-35
JiaGe,363844717,ban-tong-shui-de-yu-mei-ren-83
bai-yun-fei-98,22505573,bu-san-85
bai-yun-fei-98,22505573,qing-feng-22-32
bai-yun-fei-98,367703105,shen-peng-30-22
bai-yun-fei-98,367703105,123456-78-58
bai-yun-fei-98,291506148,laoqinppt
bai-yun-fei-98,291506148,Tools-zhi-nan
bai-yun-fei-98,59984374,lu-shi-qi-72
bai-yun-fei-98,59984374,forest-fu
bai-yun-fei-98,293309623,mongjoy
bai-yun-fei-98,293309623,islide
c-xiang-yang,282754492,wu-lou-59-85
c-xiang-yang,282754492,sithferia
c-xiang-yang,357434077,yu-shi-hua-zhong-xian-19
c-xiang-yang,357434077,zuo-zuo-38-61
c-xiang-yang,293390085,chai-sang-80
c-xiang-yang,293390085,dai-45-60
c-xiang-yang,312219743,he-qia-te-21
c-xiang-yang,312219743,wang-yu-fan-5-80
c-xiang-yang,264170692,wang-yu-fan-5-80
c-xiang-yang,264170692,shen-me-zhi-de-mai-76-83
c-xiang-yang,361833538,yan-ying-8-68
c-xiang-yang,361833538,pinglaohu
c-xiang-yang,305507128,try-42-23
c-xiang-yang,305507128,luo-wen-yi-36
c-xiang-yang,23089497,yan-ye-ye-15
c-xiang-yang,23089497,ban-gen-nan-jing
c-xiang-yang,24450523,jeannette-51
c-xiang-yang,24450523,jian-dao-yun
c-xiang-yang,326609532,bu-xu-ku-yao-chang-da
c-xiang-yang,326609532,caolanxin-14
chang-jie-87,297340933,huang-fei-hong-hui-hua-hui-feng-huang
chang-jie-87,297340933,hu-nao-a-6
chang-jie-87,52826449,zhen-guo-min-su
chang-jie-87,52826449,chen-cong-42-8
chang-jie-87,23918594,bu-run-dao-chang
chang-jie-87,23918594,man-man-mai-bi-jie
chang-jie-87,284853864,jia-zao-yang
chang-jie-87,284853864,huang-ban-21
chang-jie-87,277142506,wang-ge-3-50
chang-jie-87,277142506,lao-xue-de-mao-32
chang-jie-87,22613022,chen-yun-hao-75-45
chang-jie-87,22613022,MEL_LANA
chang-jie-87,319670518,bigbrawatchingyou
chang-jie-87,319670518,xing-kong-xia-de-zhi-yin
chang-jie-87,35569842,tie-mu-jun-58
chang-jie-87,35569842,laoqinppt
chang-jie-87,306793225,jackie-1-21
chang-jie-87,306793225,yiren-47-27
chang-jie-87,27820531,Wang-xiaofan
chang-jie-87,27820531,thus-helian
cheng-du-yue-bing-ge,24560066,hongsang
cheng-du-yue-bing-ge,24560066,qin-qin-98-66
cheng-du-yue-bing-ge,313514734,hui-tu-zhuan-sheng-li-gou-dan
cheng-du-yue-bing-ge,313514734,xi-pi-19-96
cheng-du-yue-bing-ge,356545883,pu-li-ren
cheng-du-yue-bing-ge,356545883,jin-cai-en
cheng-du-yue-bing-ge,25032474,mystique
cheng-du-yue-bing-ge,25032474,dutree
cheng-du-yue-bing-ge,31176110,liu-yue-shi-1
cheng-du-yue-bing-ge,25372704,wang-xue-qin-60-66
cheng-du-yue-bing-ge,38283531,wang-can-lan-60
cheng-du-yue-bing-ge,38283531,she-yue-57
cheng-du-yue-bing-ge,286100715,a-han-xiao-jie-jie-2
cheng-du-yue-bing-ge,367548686,du-ke-fei
cheng-du-yue-bing-ge,367548686,xiaoker
cheng-du-yue-bing-ge,367219889,jian-kang-zhong-guo
cheng-du-yue-bing-ge,367219889,abby-71-23
da-bing-87,64351318,wilsonzhou
da-bing-87,64351318,ma-tuo-82
da-bing-87,345832687,li-ai-wei-86
da-bing-87,345832687,zen-hui-ru-ci-xing-yun
da-bing-87,264918610,kuai-shou-jing-xuan-shi-pin
da-bing-87,264918610,wuen-ge
da-bing-87,21778422,lp-ke
da-bing-87,21778422,lyric-alien
da-bing-87,25034235,yaobrother
da-bing-87,25034235,zjuguxi
da-bing-87,24242117,khalil-chang
da-bing-87,24242117,alice-30-41
da-bing-87,349506586,hu-yi-72-3
da-bing-87,349506586,yu-shi-hua-zhong-xian-19
da-bing-87,26789831,he-yan-84-5
da-bing-87,26789831,ye-gou-zi-nuan-ye-mao-zi
da-bing-87,356351510,guwensir
da-bing-87,356351510,oooooutsider
da-bing-87,29064753,niming-27-84
da-bing-87,29064753,dongkeren
di-tong,313020218,qing-feng-zi-lai-80
di-tong,313020218,wen-zai-zhong-51
di-tong,58942874,chen-di-19-39
di-tong,58942874,vonfrantz
di-tong,357678200,christopherlyu
di-tong,357678200,Yummeis
di-tong,360789596,rong-zheng-xian-sheng
di-tong,360789596,concept-88
di-tong,366417898,mo-yu-JGH
di-tong,366417898,shi-tu-imba
di-tong,21487868,charliekou
di-tong,21487868,li-ze-yuan-37
di-tong,20585936,xmind-26
di-tong,20585936,YJango
di-tong,271050788,jin-lin-jun-18
di-tong,271050788,luo-yuan-89
di-tong,55014071,Tiger5G.
di-tong,55014071,tu-wen-bin-37
di-tong,364885451,wang-yimin-32-11
di-tong,364885451,yuri-cao
dong-86,375535559,jun-wei-51
dong-86,375535559,si-ting-17-48
dong-86,279350733,gong-xiao-bai-87
dong-86,279350733,rossi-86-84
dong-86,319841193,zhang-jian-qiang-96
dong-86,319841193,ang-yan-2-67
dong-86,264962290,lao-ba-ping-ce
dong-86,264962290,karanokyoukai
dong-86,267775628,chu-yu-kuang
dong-86,267775628,yi-da-shao-cha
dong-86,305533266,xxxfrances
dong-86,305533266,qian-mian-46-75
dong-86,55792040,lei-lin-xiang
dong-86,55792040,mo-bing-zhang
dong-86,30175021,lei-lin-xiang
dong-86,30175021,Lu-xiaofeng
dong-86,339594280,eleghost
dong-86,339594280,zhou-gong-zi-43
dong-86,315465629,zhouchong
dong-86,315465629,liu-yu-3-51
echo-83-59,21656218,rong-jie-49-99
echo-83-59,393200731,luxiaoqishiwo
echo-83-59,393200731,1278-35
echo-83-59,389800631,lykquitphy
echo-83-59,389800631,li-wen-80
echo-83-59,55343347,kao-shou-de-mo-gu
echo-83-59,55343347,kai-zi-56
echo-83-59,55195858,knowyourself-1
echo-83-59,55195858,zhuang-dian-89
echo-83-59,307936891,song-zhi-gang-2
echo-83-59,307936891,xiao-xing-xing-45-99-51
echo-83-59,31507757,long-ma-22-76
echo-83-59,31507757,youcore
echo-83-59,46279539,li-you-zi-13
echo-83-59,46279539,luo-bu-17-13-84
echo-83-59,266531896,jinx-hz
echo-83-59,340743576,tao-yuan-xiao-jiu
echo-83-59,340743576,Lychee-Yuan
echo-83-59,336125165,yun-que-14-56
echo-83-59,336125165,dan-rou-chao-fen
echo-83-59,329598417,ou-yang-qi-32
echo-83-59,329598417,he-nan-zhuan-sheng-ben
echo-83-59,363288142,yi-fa-liang
echo-83-59,363288142,zai-ren-jian-44-31
echo-83-59,362054156,you-mao-bing-12-58
echo-83-59,362054156,wang-ruo-feng-90
echo-83-59,363389227,hei-men-shan
echo-83-59,363389227,lin-duo-56-38
echo-83-59,294403527,a-guai-gan-huo-pu
echo-83-59,294403527,clamhe
echo-83-59,363767649,chen-yi-fan-51-40
echo-83-59,363767649,leozerowong
echo-83-59,66202490,xiao-shen-95-37
echo-83-59,345473425,csydx
echo-83-59,345473425,liu-wei-95-20-6
feng-he-93,304197205,Jane_Languid
feng-he-93,304197205,sanqianyue
feng-he-93,307704765,yu-gu-tou-35-50
feng-he-93,307704765,coolbrain
feng-he-93,22954022,mei-you-ni-27
feng-he-93,22954022,w-z-j
feng-he-93,20737561,hongsang
feng-he-93,20737561,chen-meng-meng-25-62
feng-he-93,27300941,banzong
feng-he-93,27300941,tan-xia-miao
feng-he-93,28125763,zhi-bei-dan-gao-86
feng-he-93,28125763,xiao-mo-gu-74-3
focus-89,38173127,pengpaiwanghou
focus-89,38173127,zhiyuancai
focus-89,381481028,zoe-55-19
focus-89,381481028,dai-xuan-kai
focus-89,374799977,c6h8
focus-89,374799977,wang-ye-98-59
focus-89,339220192,pengpaiwanghou
focus-89,339220192,jiang-nan-xiao-ba
focus-89,24369601,zhouzhao
focus-89,24369601,chashu123
focus-89,307451587,rui-ling-yi-ge-yi-zhu
focus-89,307451587,xiao-ke-ai-ya-w-30
focus-89,308179641,cheng-hong-25-86
focus-89,308179641,lai-youxi
focus-89,369762095,rolin-6-55
focus-89,369762095,pydatalysis
focus-89,32028967,kangjian3369
focus-89,315729914,jiangshengvc
focus-89,315729914,zheng-run-he
gongwei,36780848,cui-ding-ding-29
gongwei,36780848,xin-ren-xin-shi-96
gongwei,368387656,kangjian3369
gongwei,368387656,excited-vczh
gongwei,358861765,bu-ai-chi-dou-jiao
gongwei,368186413,zu-zu-che-38
gongwei,368186413,shoudoumaodaifu
gongwei,25432247,mi-ya-lu
gongwei,25432247,yu_xiaoyu2016
gongwei,327383663,gongwei
gongwei,327383663,tian-cai-shang-long
gongwei,371910590,xiao-he-ye-jun
gongwei,371910590,zzw-27-13
gongwei,360249766,kangjian3369
gongwei,360249766,yi-dian-dian-nai-cha-shang-hai-
gongwei,370236471,li-da-da-2-22
gongwei,370236471,gongwei
gongwei,20495563,yuhang-liu-34
gongwei,20495563,xiang-xiao-jiao-33
guan-zi-63,368253917,yu-tun-zhou-83
guan-zi-63,368253917,gong-ke-75
guan-zi-63,361557638,pang-zi-77-24
guan-zi-63,361557638,xun-yin-91
guan-zi-63,367745709,lu-wen-jun-65-53
guan-zi-63,367745709,liu-yan-14-92
guan-zi-63,367535249,xie-yi-79-87-98
guan-zi-63,365900362,bing-deng-xing
guan-zi-63,365900362,st-ya-li-shan-da
guan-zi-63,365757601,tiancaomei
guan-zi-63,365757601,JIMMY666
guan-zi-63,364538870,feng-kuang-shen-shi-92
guan-zi-63,364538870,yang-tang-ailishi
guan-zi-63,364427217,gong-ke-75
guan-zi-63,364427217,m3xiao-mo-gu
guan-zi-63,364411548,chi-ban-ling-tai-lang
guan-zi-63,364411548,teapoly
guan-zi-63,363648488,zwchapman
guan-zi-63,363648488,liu-shu-bin-57
gukr001,27343167,zhi-fei-ji-68-70
gukr001,27343167,penddy
gukr001,54463806,tang-yu-xiang-40
gukr001,54463806,Haskiiiii
gukr001,368829150,yiqi-kao-jiao-shi-70
gukr001,368829150,sky-47-67
gukr001,354233597,kuoo
gukr001,354233597,liu-yuan-yuan-48-35
gukr001,367589306,ren-min-fa-yuan-bao
gukr001,367589306,night_owl1998
gukr001,367689086,KUBRICK-2001
gukr001,367689086,yan-hao-74
gukr001,365331259,jin-ming-qiang-26
gukr001,366138141,hong-xing-xin-wen
gukr001,366138141,freakiddy
gukr001,40327565,jet-97-68
gukr001,40327565,wangyizhi
gukr001,361341461,gao-yuan-74-26
gukr001,361341461,fan-jing-shi-32
hjtebco,361071217,neopeking1943
hjtebco,361071217,india
hjtebco,357810812,jing-zhong-ren-93-16
hjtebco,357810812,kai-sa-93-86
hjtebco,345387686,piao-de-sheng
hjtebco,345387686,EulerAI
hjtebco,25990427,yu-jun
hjtebco,25990427,bao-ling-80-26
hjtebco,267051875,yifi-xu
hjtebco,267051875,dong-dong-92-46-32
hjtebco,35124751,wan-jin-you-39
hjtebco,35124751,shuluan
hjtebco,267861219,jin-zi-13-30
hjtebco,267861219,knowyourself-1
hjtebco,57516722,hai-mao-jun
hjtebco,57516722,tan-ye-91
hjtebco,278450163,tong-jia-kai-21
hjtebco,278450163,yan-bi-luo-97
hjtebco,294222138,yu-yi-18
hjtebco,294222138,wang-shi-hui-47
huang-jing-si-17,368376613,stilllucky
huang-jing-si-17,368376613,zi-yu-zi-shang
huang-jing-si-17,266695575,gao-joseph
huang-jing-si-17,266695575,xiao-qi-87-88-5
huang-jing-si-17,367454715,mei-li-ren-sheng-90-97-3
huang-jing-si-17,367454715,ai-chi-mi-fan-de-jiang-zi
huang-jing-si-17,357332924,huang-fu-bi-an
huang-jing-si-17,357332924,jia-zheng-chao-70
huang-jing-si-17,312311412,jiu-ke-90-53
huang-jing-si-17,312311412,eve-ol
huang-jing-si-17,357810812,jing-zhong-ren-93-16
huang-jing-si-17,357810812,kai-sa-93-86
huang-jing-si-17,357234644,an-ji-xiao-bao-bei
huang-jing-si-17,357234644,wo-hui-hao-hao-de-80-75
huang-jing-si-17,52047043,man-yu-46-1
huang-jing-si-17,52047043,lao-yang-liao-gao-kao-zhi-yuan-tian-bao
huang-jing-si-17,364411856,qing-lian-chang-ge
huang-jing-si-17,364411856,vigorous-cooler
huang-jing-si-17,359663464,hu-ying-16-71
huang-jing-si-17,359663464,niu-bi-21-47
ArthurChan,54265751,cong-nan-dao-bei-56-82
ArthurChan,54265751,bei-chen-qing-nian-84
ArthurChan,372939551,xi-lu-fa-kao-77
ArthurChan,372939551,fa-lu-xiao-cai-niao-9
ArthurChan,23198763,houtie
ArthurChan,23198763,dong-ji-zai-hang-zhou
ArthurChan,366231834,mo-yi-25-36
ArthurChan,366231834,sara-48-18-57
ArthurChan,337778701,da-fen-qi-24
ArthurChan,337778701,kuai-le-fei-zhai-20-19
ArthurChan,22120300,synn
ArthurChan,22120300,ZhenyuWang1999
ArthurChan,360888575,renault-44
ArthurChan,360888575,zhou-yi-94-72
Mr-Crazy404,64889460,chun-shang-xiong
Mr-Crazy404,64889460,ying-tao-xiao-wan-zi-19-77
Mr-Crazy404,29321380,crackinterview
Mr-Crazy404,29321380,xiao-a-hao-de-ke-ji-bi-ji
Mr-Crazy404,24007365,jian-dao-yun
Mr-Crazy404,24007365,yuan_xing_ke
Mr-Crazy404,27925812,xuxiaofeng1993
Mr-Crazy404,27925812,zhu-xin-11-82
Mr-Crazy404,333234115,antarcticite-70
Mr-Crazy404,333234115,hui-se-kuang-san
Mr-Crazy404,348895449,abby-71-49
Mr-Crazy404,348895449,da-lao-de-da-lao-de-da-lao-91
Mr-Crazy404,368894346,qi-cha-cha-30
Mr-Crazy404,368894346,vigorous-cooler
Mr-Crazy404,369093941,vigorous-cooler
Mr-Crazy404,369093941,karanokyoukai
Mr-Crazy404,369215366,lian-ye-74-90
Mr-Crazy404,265738441,yizhimadingxue
Mr-Crazy404,265738441,lian-ai-tian-tian-quan
attorney,326998351,wangyan123
attorney,326998351,jackwang9959
attorney,21809795,suqiangpro
attorney,21809795,niuyouya
attorney,341110367,chen-feng-bao-lie-jiu-30-67
attorney,341110367,an-zhao-xuan
attorney,339373037,doonnerdie
attorney,339373037,tang-peng-79-29
attorney,355827651,-tough-man
attorney,355827651,xubinlvshi
attorney,19605307,aaronli-yu-er
attorney,385495434,ma-dai-98-92
attorney,385495434,liu-xue-sheng-ri-bao
attorney,339177869,mei-you-ren-43-82
attorney,339177869,tat3406
attorney,340330695,cai-si-bin
attorney,340330695,kim-76-72
attorney,20799742,wq123
attorney,20799742,Alfred_Lab
attorney,35646981,xiaomei-japan
attorney,35646981,qiong-you-jin-nang
attorney,306917945,liu-ze-hong88
attorney,306917945,tian-yuan-yi-dian-hong
attorney,25044125,wei-shi-rui-96
attorney,25044125,tang-bao-er-4
attorney,265827355,Joey2050
attorney,265827355,wan-jin-you-39
attorney,47796708,you-shan-jun-52
attorney,47796708,gunter-schoech
attorney,359241520,990205-26
attorney,359241520,doonnerdie
attorney,337580113,jian-dan-xin-li-uni
attorney,337580113,zhi-chang-chong-dian-bao-27
attorney,364440650,mao-ling-ji-ji
attorney,364440650,yi-feng-56-99
attorney,363394031,think_of_me
attorney,363394031,qiang-xiu-6
bai-xiao-kun-67,22011864,fu-fen-he-lang-85
bai-xiao-kun-67,22011864,liang-meng-19
bai-xiao-kun-67,369762095,rolin-6-55
bai-xiao-kun-67,369762095,pydatalysis
bai-xiao-kun-67,41161472,qiu-zhi-24-93
bai-xiao-kun-67,41161472,huang-wu-82
bai-xiao-kun-67,22378218,weggen
bai-xiao-kun-67,22378218,mei-hua-lu-57-92
bai-xiao-kun-67,28852659,li-ming-zhe-17-62
bai-xiao-kun-67,28852659,nan-24-83
bai-xiao-kun-67,25846950,guo-xin-zheng-quan
bai-xiao-kun-67,25846950,ariel-66-75
bai-xiao-kun-67,267653585,knowyourself-1
bai-xiao-kun-67,267653585,yu-yi-li-93
bai-xiao-kun-67,24399457,qi-e-wen-bao
bai-xiao-kun-67,24399457,xiao-wu-xiao-wu-83
bai-xiao-kun-67,367219889,jian-kang-zhong-guo
bai-xiao-kun-67,367219889,abby-71-23
bai-xiao-kun-67,357660483,zhang-hao-wei-20
bai-xiao-kun-67,357660483,yuki-98-25-24
bu-zhu-wei-shi,21065451,ma-qin
bu-zhu-wei-shi,21065451,qiu-cheng-jia-33
bu-zhu-wei-shi,359961500,yu-xi-yu-qiong
bu-zhu-wei-shi,359961500,zuo-wen-zhi-tiao
bu-zhu-wei-shi,38356858,zhang-fang-3-23
bu-zhu-wei-shi,38356858,songjian
bu-zhu-wei-shi,19942068,ban-zhuan-nao-gu
bu-zhu-wei-shi,19942068,lbj520
bu-zhu-wei-shi,267247420,ding-xiang-yi-sheng
bu-zhu-wei-shi,267247420,wei-an-53-17
bu-zhu-wei-shi,23089497,yan-ye-ye-15
bu-zhu-wei-shi,23089497,ban-gen-nan-jing
bu-zhu-wei-shi,340843007,hu-jin-bo-60-15
bu-zhu-wei-shi,340843007,jkto1983
bu-zhu-wei-shi,313622793,tie-mu-jun-58
bu-zhu-wei-shi,313622793,laoqinppt
bu-zhu-wei-shi,291508970,steve-96-33
bu-zhu-wei-shi,291508970,ericwukang
bu-zhu-wei-shi,34225818,game-jun
bu-zhu-wei-shi,34225818,zi-zhu-71-98
chen-qing-73,27205989,reseted1569337968721
chen-qing-73,27205989,ruan-xing-zi-58
chen-qing-73,277936686,10082
chen-qing-73,363190833,wang-rui-en
chen-qing-73,363190833,transdale
chen-qing-73,324226565,yun-que-14-56
chen-qing-73,324226565,lzy135
chen-qing-73,365757601,tiancaomei
chen-qing-73,365757601,JIMMY666
chen-qing-73,305036930,wang-luan-qi
chen-qing-73,305036930,xi-qing-yu-li
chen-qing-73,364962648,wen-xi-15-16
chen-qing-73,364962648,li-xiao-diu
chen-qing-73,364152318,xiao-ke-25-98-99
chen-qing-73,364152318,lamy-ma
chen-qing-73,269699980,zi-di-40-62
chen-qing-73,269699980,zhang-san-feng-14-70-44
chen-qing-73,363883532,wai-yao-10
chen-qing-73,363883532,hai-ba-zha-hai-27
126messi,337602653,SunlightSama
126messi,337602653,zhang-bao-biao-15
126messi,20218881,sharetechlee
126messi,20218881,li-en-liang-91
126messi,43607087,renxiaoyao2010
126messi,43607087,peachhhhh
126messi,38159601,karwing-wong
126messi,319084602,su-xie-53-40
126messi,319084602,ni-shi-gang-jing-ma-85
126messi,291506148,laoqinppt
126messi,291506148,Tools-zhi-nan
126messi,319371540,xin-qin-yuan-ding
126messi,319371540,aijia-zzz
126messi,319264010,yidou-tang-jia-ju-app
126messi,319264010,jiayaosu
126messi,282516852,hua-ti-zhong-jie-zhe-30
126messi,282516852,yang-xiang-kun-54-71
126messi,321736166,zhang-lu-yuan-5
126messi,321736166,veritata
Tanya2016,384645264,zhouzhao
Tanya2016,384645264,wang-rui-en
Tanya2016,381446845,chen-jian-jia-93
Tanya2016,381446845,wang-qiao-yu-29
Tanya2016,348392595,liu-xian-sheng-23-87
Tanya2016,348392595,boysangediao
Tanya2016,265883810,gao-xiao-chao-21-46
Tanya2016,265883810,yu-hao-hao-83-23
Tanya2016,377910400,konnnijiwa
Tanya2016,377910400,yang-xiao-en-tong-xue
Tanya2016,23482738,qi-da-fang
Tanya2016,23482738,da-hu-20
Tanya2016,292372507,qian-mian-66
Tanya2016,292372507,xiao-ma-shi-jie-68
Tanya2016,313020218,qing-feng-zi-lai-80
Tanya2016,313020218,wen-zai-zhong-51
Tanya2016,363389227,hei-men-shan
Tanya2016,363389227,lin-duo-56-38
Tanya2016,351847108,zi-ying-94-40
Tanya2016,351847108,damon-9
V6E168,369651688,viaxke-yan-jia-su-qi
V6E168,369651688,wang-jia-84-87
V6E168,66119902,bug1330
V6E168,66119902,yin-shang-hong
V6E168,302110953,jack-bauer-4
V6E168,302110953,li-song-rui-28
V6E168,312849874,cwf-8
V6E168,312849874,dufresne-64
V6E168,363673150,chen-huang-cheng-20
V6E168,363673150,camillej
V6E168,357976563,hongsang
V6E168,364969460,QQ987299675
V6E168,364969460,jimuchutianshu
V6E168,29073626,tao-yong-zhi
V6E168,29073626,zhang-shuai-47-80
V6E168,361889198,jun-yi-92-89
V6E168,361889198,wang-hai-chuan-98-95
V6E168,312283903,daybreak-56
ayun,50227312,gegezhang0416
ayun,50227312,leonalung
ayun,22452028,wormhole2
ayun,22452028,hui-zi-51
bing-ma-75,360114498,christopherlyu
bing-ma-75,360114498,la-la-la-29-19-57
bing-ma-75,346595813,lu-nan-zhi-yao-93
bing-ma-75,346595813,sail-54
bing-ma-75,23819007,xu-jia-xin-3
bing-ma-75,23819007,liao-wei-37
bing-ma-75,367044771,liao-zi-yi-73
bing-ma-75,367044771,meng-de-er
bing-ma-75,339357358,mu-wei-33-5
bing-ma-75,339357358,nu-er-gu-niang
bing-ma-75,371647055,qi-dian-qi-chuang-chi-zao-can
bing-ma-75,371647055,zhu-shu-shu-54
bing-ma-75,50329254,yang-yang-20-3-66
bing-ma-75,50329254,wu-li-xue-jia-docwei
bing-ma-75,364078816,lishaojia
bing-ma-75,364078816,yu-fan-88-46
bing-ma-75,288257130,shimodamowang
bing-ma-75,288257130,mo-ai-lao-zi-71-98
bing-ma-75,21324385,cheng-yi-nan
bing-ma-75,21324385,chen-chen-91-93-3
cao-zhe-rui,363516820,zhen-wu-dou-hun
cao-zhe-rui,363516820,ci-hu-pan-xiao-q-82
cao-zhe-rui,365245179,hong-xing-xin-wen
cao-zhe-rui,365245179,huan-qiu-shi-bao-1
cao-zhe-rui,29446995,piao-bai-75-18
cao-zhe-rui,29446995,bei-feng-zhi-shen-45-75
charleychen,26699324,peng-peng-37-9
charleychen,26699324,lzy135
charleychen,30981064,sirenrusi
charleychen,299256126,zhu-yu-60-95-76
charleychen,316061324,pan-seaeye
charleychen,316061324,jerrymouse80
charleychen,271441134,amg-nero
charleychen,271441134,coco-77-67-88
charleychen,305507128,try-42-23
charleychen,305507128,luo-wen-yi-36
charleychen,27985322,biwen-73
charleychen,274222732,zhang-jun-47-15-65
charleychen,274222732,le-yin-c
charleychen,282242557,shen-ke-ru-ci-s-k
charleychen,282242557,sanqianyue
charleychen,327000131,chen-wu-yu-58
charleychen,327000131,lao-jiang-hu-yu-lao-shi
chen-de-de-48-68,48040579,kun-yu-kyle
chen-de-de-48-68,48040579,yizhifufu
chen-de-de-48-68,20773513,yosoro-68
chen-de-de-48-68,20773513,gao-leng-leng-61
cui-mei-zi,378783232,17041310742-92
cui-mei-zi,378783232,li-en-liang-91
cui-mei-zi,316379129,la-mei-ge-ai-jiao-zhen
cui-mei-zi,316379129,ming-an-55-11
cui-mei-zi,371895133,estellagu
cui-mei-zi,371895133,yu-zi-yu-46
cui-mei-zi,369771632,mo-zi-yu-32-76
cui-mei-zi,369771632,zhang-zhang-zha-hao-nan-guo
cui-mei-zi,281627681,huaxiaoji-29-37-70
cui-mei-zi,281627681,ju-lang-29
cui-mei-zi,308339613,chen-chen-chen-98-7
cui-mei-zi,308339613,13811607460
cui-mei-zi,266837409,you-dian-lan-tan
cui-mei-zi,266837409,ru-meng-98-25
cui-mei-zi,369335671,shang-ye-53
cui-mei-zi,369335671,jing-ji-xue-de-zhen-hun-ge
cui-mei-zi,367397097,jun-mo-wen-82
cui-mei-zi,367397097,gu-shen-de-da-ge
cui-mei-zi,306060626,hai-ge-12
cui-mei-zi,306060626,mu-lu-70
GigiChow,27712663,shu-sheng-38-77
GigiChow,27712663,ta-er-gai
GigiChow,290794485,fu-tu-kang-liu-shui-xian-gong-ren
GigiChow,290794485,hhs007
GigiChow,20431221,funkyfrog
GigiChow,20431221,jing-yu-she-ji-whaledesign
GigiChow,19570825,jantie99
GigiChow,19570825,lao-chuang-ke
GigiChow,299591705,131313-58
GigiChow,299591705,purify-48
GigiChow,367958232,li-wen-feng-20
GigiChow,367958232,pan-da-35-28
GigiChow,364337324,xi-yuan-tu-you
GigiChow,364337324,kai-chang-46
GigiChow,355271908,zha-nan-ti-yan-ji
GigiChow,355271908,hai-li-35-21-70
GigiChow,28413078,li-bu-zai-xian-sheng-43
GigiChow,28413078,knowyourself-1
GigiChow,329971551,ling-chun-24
GigiChow,329971551,rich-57-8
GigiChow,61380552,an-li-xiao-wo
GigiChow,61380552,3AngelusC
GigiChow,319192124,jiu-xiang-92-89
GigiChow,319192124,kong-kong-kong-78-4
GigiChow,330306599,lu-pi-gong-ye
GigiChow,330306599,shi-yan-zhi-96
GigiChow,282309317,sosen
GigiChow,362297779,banzhanqingcha
GigiChow,362297779,si-wang-54
GigiChow,362434912,wang-yi-jun-17-61
GigiChow,362434912,stan-21
GigiChow,349137924,tian-xian-xian-69
GigiChow,349137924,dancy-90
GigiChow,63894266,yang-fang-6-61
GigiChow,63894266,a-chu-20
GigiChow,349936363,mi-er-39-65
GigiChow,349936363,chen-huang-cheng-20
Internetgame,36847530,xxxjin
Internetgame,36847530,li-en-liang-91
Internetgame,56741424,wang-nuo-32-98-38
Internetgame,56741424,colin-Ang
Internetgame,47149518,mingqiwu
Internetgame,47149518,leonalung
Internetgame,28532142,ci-wei-ti-yan-89
Internetgame,28532142,bai-shan-ge
Internetgame,342812810,ye-zi-9-1
Internetgame,342812810,jarodise
Internetgame,35163926,chen-xiong-71-1
Internetgame,35163926,dingtouETF
Internetgame,365343579,zhu-dao-qi-7
Internetgame,365343579,morgancheng
Internetgame,295424569,wan-er-yi-xiao-16
Internetgame,295424569,zi-xia-zhi-he-bai-kai-shui
Internetgame,22919326,shao-shu-pai-46
Internetgame,22919326,q_zhao
Internetgame,351847108,zi-ying-94-40
Internetgame,351847108,damon-9
bai-tang-41,280161869,zuo-wen-zhi-tiao-6
bai-tang-41,280161869,li-ping-53-75
bai-tang-41,48040579,kun-yu-kyle
bai-tang-41,48040579,yizhifufu
bai-tang-41,268216399,joqwuripg
bai-tang-41,268216399,lu-shan-ye-wu-54
bai-tang-41,26400817,xuxiaofeng1993
bai-tang-41,26400817,biw-bi
bai-tang-41,19833746,PortiaC
bai-tang-41,20291266,kun-yu-kyle
bai-tang-41,20291266,stella1006
bai-tang-41,24780989,17780624487
bai-tang-41,24780989,da-ming-78-39
bai-tang-41,58188314,bie-cheng-zhao-ben-da-wang-kan-la
bai-tang-41,58188314,gladys-49-5
bai-tang-41,31971466,a-que-41-5
bai-tang-41,31971466,di-yu-de-huo-shi-bu-hui-xi-mie-de
bai-tang-41,22102496,seven000
bai-tang-41,22102496,lang-bo-wang-65
bao-bao-hao-ku,335313420,samove
bao-bao-hao-ku,335313420,ke-li-si-ting-94-35
bao-bao-hao-ku,326381179,tong-zhen-dao-ren
bao-bao-hao-ku,326381179,jin-yan-2-61
bao-bao-hao-ku,352335277,zui-jia-ge-shou-58-11
bao-bao-hao-ku,352335277,jiang-hong-ya
bao-bao-hao-ku,19562302,liu-peng-cheng-sai-l
bao-bao-hao-ku,19562302,xia-xia-17
bao-bao-hao-ku,348712756,yan-jiang-44-38
bao-bao-hao-ku,348712756,chen-yue-di-25
bao-bao-hao-ku,31288346,s.invalid
bao-bao-hao-ku,31288346,raphl-leo
bao-bao-hao-ku,31233959,jin-qiang-yu-san-ming-zhi-63
bao-bao-hao-ku,355286110,fittimeji-ke-yun-dong-39
bao-bao-hao-ku,355286110,dan-yi-li-4-44
bao-bao-hao-ku,25308230,nian-qu-qu-2-87
bao-bao-hao-ku,25308230,zha-mei-46
bao-bao-hao-ku,263509237,ma-hao-66-38
feng-xiao-pao-21,381428797,xing-yu-fei-97
feng-xiao-pao-21,381428797,shi-nian-79-64-98
feng-xiao-pao-21,266542299,zenmind9
feng-xiao-pao-21,266542299,adaecho
feng-xiao-pao-21,22823163,lao-jiang-hu-yu-lao-shi
feng-xiao-pao-21,22823163,nikiniki-80
feng-xiao-pao-21,315868064,tiao-tiao-hu-tong-xue
feng-xiao-pao-21,348602193,zhao-qing-hao-49
feng-xiao-pao-21,348602193,gui-yuan-er-9
feng-xiao-pao-21,28658084,lan-ran-83
feng-xiao-pao-21,28658084,wanghewen
feng-xiao-pao-21,356337268,dan-hua-jiang-96
feng-xiao-pao-21,356337268,libiubiu
feng-xiao-pao-21,50856900,awer-92
feng-xiao-pao-21,50856900,nuan-shi-wang
feng-xiao-pao-21,265866669,cai-zhi-li-yi-sheng
feng-xiao-pao-21,265866669,Ths_love
feng-xin-1-75,27862474,feifanshuo
feng-xin-1-75,27862474,career001
feng-xin-1-75,27936550,xie-qian-qian-20-2
feng-xin-1-75,27936550,lao-wang-shuo-li-cai
feng-xin-1-75,354919014,chuan-chang-da-ren-a
feng-xin-1-75,354919014,bei-chen-qing-nian-84
feng-xin-1-75,303929949,cai-ge-1-10
feng-xin-1-75,303929949,nai-ba-bao-25
feng-xin-1-75,292436280,gao-wan-wan-68
feng-xin-1-75,292436280,xsr-31
feng-xin-1-75,268187652,lvluo-4-96
feng-xin-1-75,268187652,nan-gua-nan-22
feng-xin-1-75,38279918,jin-a-jin-96-52
feng-xin-1-75,38279918,rolly2008
feng-xin-1-75,20020382,xu-xiao-hu-78
feng-xin-1-75,20020382,dabaibao
feng-xin-1-75,352457426,huang-qi-zhu
feng-xin-1-75,352457426,zhang-sen-sen-57-47
feng-xin-1-75,36179591,bing-yan-61-98
feng-xin-1-75,36179591,zhong-wen-40-43
guhongguangju,371302293,ma-nan-shuo-43
guhongguangju,371302293,wan-li-85-55
guhongguangju,286639538,hui-mou-yixiao-dao-cang-sheng
guhongguangju,286639538,yuan-fang-qing-mu
guhongguangju,271551679,bian-guan-yue-35-26
guhongguangju,271551679,ru-chu-33-34-12
guhongguangju,61198650,shi-zi-zhang
guhongguangju,61198650,lao-gou-83-69
guhongguangju,371625212,linan
guhongguangju,371625212,song-guo-bao-zhou
guhongguangju,55719928,friederich-60
guhongguangju,55719928,ying-li-li-sai-gao
guhongguangju,362124258,li-ang-47-44
guhongguangju,362124258,leart
guhongguangju,63913429,zhangkangkang
guhongguangju,63913429,ming-na-ge-zi
guhongguangju,353962483,kong-jiong-53
guhongguangju,353962483,liu-ge-8-90
guhongguangju,363770185,lcqaz777
guhongguangju,363770185,Trevor-Woo
