of,808
my,649
for,628
in,623
that,568
with,564
have,494
earbuds,466
they,465
them,442
these,415
on,399
but,371
out,369
was,368
are,361
The,353
you,341
so,298
not,285
sound,273
ear,251
can,250
as,232
good,232
case,229
quality,208
me,206
one,204
be,204
They,201
at,199
pair,199
if,195
or,189
all,181
very,170
had,170
great,163
up,157
don,157
right,155
wireless,152
only,152
like,151
just,149
use,148
would,146
charging,137
other,137
were,136
about,134
will,127
your,125
really,123
charge,123
from,121
get,120
left,120
phone,118
music,118
product,118
earbud,117
an,116
ve,115
time,110
too,106
fit,105
still,104
reviews,103
no,102
headphones,101
It,101
review,100
there,97
work,97
also,97
better,96
price,94
buds,93
well,90
which,88
more,88
bass,87
battery,87
back,85
than,84
first,84
am,82
This,82
find,81
So,81
