耳塞,719
一个,541
它们,501
他们,415
这些,406
充电,319
可以,271
没有,263
耳机,234
使用,223
所以,221
耳朵,191
声音,179
如果,174
喜欢,166
连接,165
因为,164
问题,163
评论,148
无线,145
产品,142
这个,141
非常,139
音质,136
蓝牙,136
手机,130
音乐,129
配对,126
设备,113
工作,106
不会,104
真的,103
需要,100
更新,98
已经,97
电池,97
而且,96
然后,94
低音,92
不是,90
任何,89
所有,87
发现,85
可能,85
美元,82
价格,81
购买,81
时候,81
小时,77
一些,76
不错,75
容易,75
放在,75
开始,75
时间,74
这样,73
适合,72
出来,71
东西,69
什么,68
噪音,68
但是,67
其他,66
满意,65
起来,65
质量,64
只是,64
一次,63
不同,63
仍然,61
这是,61
我会,61
现在,61
真正,60
两个,59
音量,59
高兴,58
找到,58
箱子,58
尺寸,57
功能,56
完全,55
寿命,55
知道,54
不能,52
有点,52
更好,51
客户服务,51
苹果,50
通常,50
充电器,50
信号,49
T10,48
防水,48
本身,48
情况,48
TOZO,48
收到,48
似乎,48
花蕾,47
